id;description_RU;description_EN
intro.1;Вот мы и в новом доме! Пока никто не пришел, проверь, все ли на месте. Выбери в книге рецепт зелья силы и закинь в котел нужные ингредиенты.;Here's our new home! Check that everything's in order before visitors start coming. Open the book, select the strength potion and put the required ingredients into the cauldron.
intro.2;Надеюсь, здесь будет спокойнее, чем в прошлом городе. И мы здесь никому не помешаем. Давай пока сварим чаю! Смешай крапиву с белладонной и добавь шампиньон для аромата.;Let's hope this town will treat us better than the last one. And we won't cross anybody. Maybe a cup of tea to get us going? Mix nettle leaves and nightshade, then add some portabello shrooms for the aroma.
intro.3;Приветствую тебя на новом круге! Кажется, мы все это уже проходили. Как говорится, делай что должно, и будь что будет. Загляни в нашу книгу, она все помнит. Давай что-нибудь сварим!;Welcome back, again. Feels like we've been through it already. As they say, do what you ought to, come what may. Peruse the book. It remembers. Let's get brewing!
intro-4;Приветствую тебя на новом круге! Как-то маловато у нас инструментов ремесла. Лови-ка рецептик: {0}, {1} и {2}.;Welcome back, again. Feels like we've been through it already. Looks like you lack some instruments of the trade. Here's a new one: {0}, {1} and {2}. 
Painter_1;Я художник, мое имя известно многим! В последнее время творения не радуют меня. Ушла из них жизнь, ушло очарование. Дай что-нибудь, что можно в краску подмешать, чтобы они стали лучше!;I'm the famous artist. Lately the joy of creation just hasn't been there anymore. As if life and beauty simply vanished from my paintings. Maybe there's something I can mix with my paints to make them better?
Curse_Potion_Villager;Кузнец наш мне жизни не дает — как напьется, каждый раз с кулаками нападает. Дай мне что-нибудь, чтобы жизнь ему подпортить! Только не смертельное — не хочу грех на душу брать.;The blacksmith keeps beating me up when he's drunk, I swear he's gonna murder me one of these days. Help me curse him, just make it not too deadly, I wouldn't want to kill him. Heard you could go to hell for that.
Healing_Potion_Villager;В бане поскользнулся вчерась, да об лавку треснулся. Голова до сих пор раскалывается, да какие-то тени мерещатся все время. Облегчи боль как-нибудь.;I slipped in the sauna the other day and hit my head real hard. Got meself a splitting headache and I'm seeing some weird shadows everywhere, too. Give me something for my pain.
Healing_Potion_Worker;Дерево не в ту сторону повалилось, еле отскочить успел, но зацепило меня. Ребра болят, помоги!;A tree fell the wrong way, I barely dodged it but still got hit pretty bad. I think my ribs are cracked, help!
Horserace1;Я на скачки хочу лошадь свою выставить. Но конкурент у меня есть сильный. Хочу ослабить кобылку его. В награду тебе бабушкин рецепт подарю, она первой красавицей слыла.;I want to put my horse on a race. Got one really strong competitor though. I wanna weaken his horse. As a reward I would give you my grandma's special recipe - she was a real beauty, she was.
Love_Potion_Villager;Привет, соседушка! Я тут себе муженька, наконец, подобрала. Да только он от женушки своей уходить никак не хочет. Помоги по-соседски, а? Она все равно его не ценит.;Hello, neighbour! Guess what, I finally found myself a perfect husband. Problem is, he doesn't want to leave his wife. Care to help? She doesn't appreciate him anyway.
Strength_Potion_Worker;Слушай, доченька. Я уже совсем старый стал, не могу с молодежью тягаться в шахте. Не хочу, чтобы думали, что слабак. Есть у тебя что-нибудь, чтобы силу мне вернуть?;Look, dear. I'm too old and no match for the young lads in the mine. Don't want them to take me for a weakling. Got any of that liquid strength?
bard;Последние дни у меня что-то не ладится с выступлениями в местных тавернах. Дай-ка мне что-нибудь, что я смогу подлить в бочку с брагой, чтобы меня заметил народ и не скупился на похвалы и монеты.;Tough crowds in the local taverns lately. Brew me something I can slip into a beer barrel to make the folks more appreciative of my talents and easily parting with their money.
blind-1;Прости за беспокойство. Глаза мои уже не те, что раньше. Я зашел на чудесный запах, что доносился из твоего дома. Дай-ка отведать варева, что состряпала!;Pardon for bothering you. My eyes are not as good as they used to be. What magnificent smells come out of this place! Can I get a taste of something?
devil.1;Отлично справляешься, милая, страху навела в округе, любо-дорого посмотреть! Может, чего новое попробуем? Смешай-ка {0}, {1} и {2}.;Stellar job all around, darling, the whole town is shaking with fear. A lovely sight. Wanna try something new? Mix {0}, {1} and {2}.
inquisition.1;Слухи о твоем мастерстве разнеслись повсюду. Свари мне свое лучшее зелье, и я награжу тебя по достоинству.;The word about you travels far and wide. Make me your best potion, and your reward will be great indeed.
mushroom-story.1;Держу постоялый двор у тракта. От гостей отбоя нет! Но, видать, сглазил кто-то – посреди делянки с шампиньонами выполз из земли «ведьмин круг»! Строчки, поганки, мухоморы – тьфу! Вытравить бы его.;I'm an innkeeper, my inn is always full of guests. One thing bothers me - a fairy ring grew in the middle of my mushroom plot. All those disgusting toadstools and deathcaps! Got anything to destroy it?
Beauty_Potion_Wealthy_Villager;Завтра свататься поеду, а там семейка высокородная, не уверен, что с легкостью согласятся. Сделай меня краше и лучше!;I'm trying to woo a highborn lady but her parents are hard to impress. Make me the fairest in all the land!
Poison_Potion_Villager;Мы тут хряка растим на конкурс, а в соседней деревне свинья в два раза жирнее и злее. Нечистая скотина, точно тебе говорю. Нужно прикончить её, пока хозяев не сожрала!;Listen, uh, so we're raising this prize pig, right? Well, our neighbours got one that's twice as big and mean. That beast is foul! We have to get rid of it, before it eats us all!
Bird_Keeper_1;Здравствуй, доченька. У меня с голубями напасть какая-то. То почту медленно доставляют, то вообще летать не хотят. Может, ты мне какое-нибудь пойло для них дашь?;Hello sweetheart. I'm worried for my pigeons. They lose their way while carrying the mail or refuse to fly at all. Got anything to perk them up?
Gardener;Доброго здравия вам, уважаемая! В саду, за которым я присматриваю, завелись жучищи вредные. Всю зелень портят! Вывести не могу. Помогите, а?;Well met, oh wise one. I have a pest infestation in my garden. They eat all the green stuff, the little devils! I beg for your help.
Herald;Здравствуй, ведьма. Помоги, а? У меня голос пропал, а без него работать не могу — я глашатай местный. Думал, что из-за простуды, но лекарства не помогают никак.;Greetings, oh witch. Care to help? I've lost my voice, which is absolutely disastrous, with me being a town crier. Thought it was a common cold, but medicine doesn't help.
Peasant_Bear;Доброго здоровьица тебе, колдунья. Поспорил я по пьяни, что медведя голыми руками заборю. Отказываться от слова не могу — негоже это. Дай что-нибудь для храбрости аль для силушки?;Hail, sorceress. I drank too much the other day and made a bet that I'll wrestle a bear with my bare hands. And I'm a man of my word, damn it! Now all I need is something to make me stronger, or more brave at least.
boot_climber;А навари мне, умелица, чего-нибудь, чтобы силы прибавилось или клейкости. Хочу на ярмарке по столбу за сапогами залезть. Моя обувка прохудилась давно, промочу ноги и помру.;See my old boots here? More holes than leather. My feet are wet all the time. But there's a new pair waiting for me on top of the maypole. If only I had better grip to climb it!
nest_harvester;В лесах дичь бить запретили, за рыбу вовсе плетьми выпороть могут. Пухнем с голоду, мать! Помоги хоть до птичьих гнезд на скалах добраться! На них пока запретов нет.;New laws mean we can't hunt, can't fish under the threat of lashes. I've got children to feed. Maybe something to help me climb rocks to reach bird nests? Maybe I'll steal some eggs...
old_knight-1;Милостивая госпожа, я прибыл инкогнито. Тело мое слабеет и рука не так тверда, но сердце просит последнего турнира. Верни мне былое, хотя бы ненадолго, чтобы выступил достойно и ушел на покой.;My lady, I'm here incognito. I can barely sit in the saddle and my sword arm is getting weaker by the day. Yet my heart yearns for one last joust. Could I have my old strength but for a day, to retire with honor?
succub_issue;Слушай, замучила меня демоница распутная! Каждую ночь приходит – и того! Я уже еле встаю по утрам… Что? Прогнать? Ты сбрендила? Дай зелье, чтобы помогутнее я стал!;I am beset by demons. Every night a succubus comes to torture and abuse me. I can barely feel my body in the morning. What are you saying? Banish her? Are you nuts?!? Just make me able to endure it!
zolotar;Здеся алхымии разводят? Я навозу принес. Свежак! В лопух завернул. В золото переколдуем? Я навоз ношу, ты чаруешь. Богатеями станем! Чего морду кривишь? Хоть зелье дай, сам управлюсь.;You doin' alc-homie? I've got a load of freshest manure right here. Let's make some gold! I'll provide the stuff, just do your magic. We'll get rich in no time! What's with the sour face, eh? Give me some potion, I'll do it myself.
Doctor_1;Мое призвание — помогать людям, как и ваше! Мне нужно ампутации людям делать, а они этим недовольны. Возражают, так сказать. Поделитесь чем-нибудь, чтоб мои клиенты в забытье впали?;Helping people is my calling. I find that amputating the bad parts is often the best way. Not everyone agrees with me though. Why, some flat out refuse, often violently. Anything to dull their pain?
WakeCultist_1;Здравствуйте, уважаемая. Мне бы, это... средство какое-нибудь для, э-э-э, хозяина. Спит он много слишком. Что-нибудь бы, чтобы пробудить его от древнего... в смысле, взбодрить, так сказать.;Greetings. I need, let's say, a medication for my, er, master. He sleeps too much. Something to awaken him from his ancient slumber, haha, I mean, cheer him up a little.
witch-memory-1;Прошлое не дает мне покоя. Это все моя вина. Если бы я только... Хоть сделанного не воротишь, а забыть не могу.;The past doesn't let me go. It's all my fault. What's done is done and there's no way back. And no forgetting.
alcohol_healer;Сети ставил надысь, а вода холодная, ни одна жаба в такую не полезет! Чихаю теперь – изба трясется. Но еликсиров не приму! Дай чего покрепче, чтоб слезу вышибало.;Been setting my nets the other day. The water was so cold I saw frogs turning into icicles! Now I'm sneezing so hard my house is shaking. No, I don't wanna them stinking elixirs! Hard liquor is best medicine.
Family-feud;Мы с тестем как выпьем, так спорим до красных ушей! Жена сказала, еще раз сцепимся – выгонит обоих. Навари мне такого, чтобы и вякнуть не мог! Я себя знаю – не удержусь ведь.;Whenever I drink with my father-in-law we end up fighting. My wife says she'd had enough. Any keep-you-damn-mouth-shut brew? I just can't help myself.
philosopher;Мыслитель я. В бочке жил, в горы уходил, в болоте сидел, а постичь суть мира так и не смог. Жена работать гонит, а разве истину в работе сыщешь? Навостри мне ум или супу дай хотя бы.;I was seeking the truth in a barrel, in the mountains, in swamp waters. Tried to achieve enlightenment, all in vain. My wife tells me to find a job, but who ever found the truth that way? Help me out, some soup will do too.
Portrait_issue;Портретист ко мне едет. А я как глянусь в зеркало – так и в слезы! Годы никого краше не делают. Хочу хоть на день помолодеть, а потом вместо зеркала на портрет глядеть стану.;Time spares no one. I can't look at myself without crying. If only I could become young again, just for a day. I'll ask an artist to paint my portrait then and replace my mirror with it.
sculptor;Повелели мне принцессе статую выточить. Да вот беда – не успеваю. Зело объемная уродилась девица! Дай питья, чтобы спать не хотелось, ночами работать буду, а то повесят меня.;I was ordered to carve a statue of the princess. Didn't expect her to be so...voluminous. Now I'm out of time and the work is only half done. I'll have to work night and day to avoid the noose. Save me!
stolen_rooster_1;Здравствуй, кудесница. Замучили меня… кхм… женихи, вот! Дай что-нибудь, чтобы меня не замечали, обходили за три дороги. Некогда мне женихаться, хозяйство ждет.;I'll get straight to the point. I'm sick and tired of getting all those... suitors round meself. I want something to become plain and hard-to-see. I'm a busy woman, I am.
Children_First;Здравствуйте, многоуважаемая ведьма! Не проклинайте нас, пожалуйста. А вы правда волшебные зелья варите? А дайте нам зелье, чтобы корова голосом человеческим говорила!;Greetings, oh esteemed witch! Please don't curse us. Is it true you're making magical potions? Give us one that can make a cow speak!
Children_Second;Наш друг пытался доказать, что локоть лизнуть может, и руку себе поломал. Спор он выиграл, но ему так домой нельзя — родители прибьют. Можете вылечить его?;I dared a friend of mine to lick his own elbow and he did it...by breaking his arm. Can you help? Pretty please? His parents are gonna kill him.
Fool_laughter;Приветик, коллега! Скучные тут люди, никто шуток не понимает, окажи помощь собрату по профессии, а? Хочу местных развеселить, унылые какие-то они все.;Heya, sister! The locals are such a dull lot. No one can take a joke. I just want to make them laugh. Give me a hand, will ya?
Memory_Potion_Soldier;Доброго тебе дня, колдунья. Я уже пару лет, как с войны вернулся, но до сих пор не могу забыть всех ужасов, что пережил. Сделай с этим что-нибудь, умоляю!;Good day to you, oh witch. It's been years since I came back from war yet the horrors are still fresh in my mind. Help me, I beg of you.
Sleep_Villager;Слушай, родная. Ко мне брат в гости приехал пару дней назад, я с тех пор уснуть не могу. Храпит так, что печь трясется. Дай что-нибудь, чтобы его вырубило хорошенечко.;Hey, sweetheart. My brother came to visit and I haven't slept for two days. He's snoring like a bear! Help, please, give me anything.
Wake_potion_apples;У меня яблоки ворует кто-то, а я поймать не могу — только солнце сядет, сразу засыпаю. Отгони сон на пару дней. Коли воришку поймаю — премного благодарен буду.;Someone's stealing my apples, but I can't catch the thieves — soon as the sun sets I fall asleep. Give me something to stay awake. When I catch them, I'll reward you plenty.
mary.1;Ага, ты должно быть та ведьма, о которой все говорят! Моему отцу нужно лекарство — голова раскалывается, аж жуть. Я заплачу!;Wow, you're the witch they keep talking about? I need ailment for my father. He's got a terrible headache. I got some money for you!
Memory_Potion_Hunter;От меня жена ушла к другому. Сколько ни упрашивал — возвращаться не хочет, прям светится вся. Водкой её из памяти стереть не могу. Может, ты поможешь?;My wife left me. I tried to get her back, but to no avail. She’s so happy now, with him. Tried to drink my memories away and failed even at that. You're my last hope.
Sleep_Potion_Children;У одного старичка местного яблок — целый сад. А он ими не делится и даже продавать не хочет, дни напролет караулит. Пусть он поспит чуть-чуть, а мы и тебе яблочек принесем!;Know this old man with an apple orchard? He doesn't share with anyone, just guards it day and night. Let him sleep for a bit and we'll share the apples with you!
mary.5;Услышала, как какие-то подозрительные типы спорили, настоящая ты ведьма или нет. Сказала им, что ты моя выжившая из ума тетушка. Вот умора, а?;Heard some fishy people asking about you being a real witch or not. Told them, you're my old auntie who is completely out of her mind. Funny, is it?
mary.6;Уму непостижимо, что только люди о тебе не болтают! Винят во всех бедах. А ты ж хорошая, я-то знаю. Ну, я им устрою такое, быстро рты позатыкают!;Can you believe what those people think about you? Blaming you for all sorts of stuff! But you're good, I know it! I'll think of something to shut them up.
mary.7;У них под носом лучшая на свете ведьма, а они тебя в упор не замечают! Не боись, я всем твое мастерство расхвалю.;Finest witch in the world right beneath their noses, and yet they don't recognize you! Make no mistake, I'll tell everyone of your feats!
mary.8;Слыхала, как люди-то тебя поносят? Называют старой никчемной каргой. А ведь ты настоящая колдунья. Я что-нибудь придумаю, чтоб они языки завязали!;Can you believe what those people call you? A good-for-nothing old crone! But you're a real mage! I'll show them yet, I'll twist their tongues in knots, I will!.
mary.9;Знаешь... я всегда хотела быть как ты. Силой волшебной обладать. Вознестись над всеми. Может... сваришь что-нибудь особое, только для меня?;You know... I always wanted to be like you. To have a real power. To be above everyone and everything. Maybe… you can make something just for me?
inquisitor.2;Я тебя насквозь вижу. Много таких, как ты, повидал. От правосудия тебе не скрыться, сама знаешь. А пока завари мне чайку.;I know everything about you. Seen lots of those like you. You won't escape justice, you know it. As for now... make me some tea.
Wake_Potion_Merchant;Мне в дорогу дальнюю нужно ехать завтра, товары в город везти. А там лес дремучий и долгий. Хочу пересечь как можно быстрее, да боюсь уснуть. Поможешь?;I have a long trip ahead of me, through a thick and dark forest. I want to cross it as fast as I can, but it's hard to stay awake. Can you help?
tavern;Замучил меня и постояльцев певец этот, как его! Не даёт покоя своими песенками и прибаутками. Не могу отвадить. Помоги забыть ему дорогу в мой трактир.;I have a pest problem. This damn bard keeps bothering me and my guests with his silly songs and pranks. I want him to forget my tavern even exists.
mushroom-story.3;Не помогло твое средство от грибного круга! Давай еще попробуем, а то, чую, сам зарасту грибами по самые уши, и дело мое сгинет.;Your potion was useless - the fairy ring is still there! Let's try something else before they start growing on my body.
old_knight-2;Слухи о твоем мастерстве не лгут! Я был подобен падающей скале, и ни один противник не устоял передо мной. Теперь я жажду победы вновь! Не скупись, ведьма, подавай лучшее питье!;The tales of your craftsmanship were true! My strikes were like falling rocks and no one could stand before me. I must taste the sweet victory again! Give me your strongest potions, witch.
Bandit.1;Солдаты местного лорда ищут меня за то, что мы с парнями раздавали его деньги бедным. Помоги мне, ведьма!;Local lord is searching for me because me and the boys were giving his money to the poor. Help me, witch!
Tax_Collector.1;Я приехал к вам налоги собирать. Помоги обобрать местных, и я в долгу не останусь.;I'm here to collect taxes. Help me shake down the locals and I'll cut you in.
Strength_Potion_Villager;Что-то я слабым стал совсем в последнее время. Молот еле поднимаю, меха качать не могу. Верни мне силу мою, ведьма!;I've grown too weak and frail in my old age. Can barely lift my hammer and pump the bellows these days. Help me get my strength back, witch!
ChildrenOfBlacksmith;У нас папка помер недавно — кузнецом был, не слышали? Мы уверены, что его старый знакомый траванул — он сильно батю не любил, завидовал ему. Отомстить хотим! Помогите!;Our daddy died recently — he was a smith, maybe you knew him? Anyways, we're sure his old friend poisoned him — he was jealous and harbored grudges. We want revenge!
Curse_Potion_Village_Second;Снова здорово! Кузнец наш и вовсе дьяволом сделался. Колотит меня, что ни есть мочи. Делай теперь меня тоже могучим, может, хоть так смогу осадить его.;Heard you'd helped the smith get his strength back. Why the hell would you do that? Now he thrashes me on the regular again. Now you must make me as tough as he is, so I'll have a fighting chance.
Healing_Potion_Villager2;Снова я к тебе. Да голова-то не болит больше. А пятна в глазах остались, так и мелькает что-то черное. Слыхал, ягодка одна есть, для зрения шибко полезная. Нет ли ее у тебя в запасе, пошукай?;Can't thank you enough for curing my headaches. Although I'm still having visions and seeing furtive shadows. Heard there is a forest berry that's very good for the eyes. Do you happen to have it?
Healing_Potion_Villager_Final;Дивное зелье ты мне дала, тени я смог разглядеть. Смотрю, а это черти рогатые шастают ко мне в подвал с кружками, брагу мою воруют, окаянные! Подсоби от них избавиться, век не забуду!;What a wonderful potion did you give me! My sight pierced shadows and I finally saw their true forms. Pixies snooping around my cellar and stealing my beer! I'll be eternally grateful if you help me get rid of them.
Sick_Animal_Villager;Доброго здоровья, ведунья. Скотинка моя захворала, дай для нее лекарство какое.;Wishing you good health, witch. My livestock fell ill, got any remedies?
Unlove_Potion_Villager;Эта стерва у меня мужика увела магией черной. Сам-то он даже смотреть на нее не стал бы. Верни мне мужа! Знаю, ты в этом виновата!;That bitch stole my husband using black magic! He never even noticed her before! Give him back, I know it's your fault!
blind-6;Я хоть и слеп, но иной раз больше других вижу. Не хочешь нажить беду — вари-ка лучше супы да чай.;I may be blind but my blind eyes see what others cannot. You should stick with food and drinks if you know what's good for you.
blind-2;Как чудно пахнет! Я слышал, тут потчуют на славу. Удиви же меня!;Extravagant smells! I was told you were making exquisite dishes here! Surprise me!
blind-3;О! Говорят, тут можно дивных напитков отведать. Дай-ка чего-нибудь... особенного.;Ah! I was told you were making exquisite drinks here! I want to try something... unique.
devil.2;Атмосфера у тебя в городе просто восхитительная! Будь так любезна, свари кое-что для меня. Просто смешай {0}, {1} и {2}.;Nicely done, I can feel the terror in your town from afar. Would you kindly brew something for me? Just mix {0}, {1} and {2}.
mushroom-story.4;Вызнал, что грибница бормочет. Оказывается, зарыли на моей делянке убитого грибника, а тому под землей тесно стало, гложет его голод… Ты смешай грибочков разных. Накормим бедолагу.;I've figured out what the shrooms were trying to say. Turns out someone buried a murdered mushroom-picker there. He hungers. Let's feed him a mix of mushrooms.
mushroom-story.2;Не помог твой яд. Мало того – грибной круг шире стал. Теперь внутри зверушки дохлые лежат. А из-под земли бубнит кто-то, стонет и охает…;The poison didn't work. Even worse, the fairy ring got wider. Now I keep finding dead critters inside. And it seems that someone's muttering and moaning underneath...
WakeCultist_1_Failed;Что-то не очень ему помогло ваше варево. Я просил что-нибудь, чтобы взбодриться. Вот принес полуживую летучую мышь, попробуй ее положить.;Doesn't look like your brew worked properly. Again, I wanted some pick-me-up. Here, try putting in this bat, it should help.
witch-memory-121;Я виновата во всем, лишь я. Зачем, зачем... Вернуть бы все назад. Этот судьбоносный миг, он навсегда останется в моей памяти.;I am the one to blame for all this. Why, oh why... If only I could turn back time. That fateful moment, burned forever in my memory.
witch-memory-2;Я помню, как мы гуляли среди вереска. Твою улыбку. Твои песни. Цветы, что ты собрал для меня. Все как во сне...;I remember us walking through heather field. Your smile. Your songs. Flowers you gave me. It all seems like a dream now.
stolen_rooster_5;Умыкнули у меня петуха золотого! Удачу приносил – любое дело с ним спорилось. Знаю, соседка это. Помоги вернуть пропажу! Твое ремесло виновато, чую. Обманешь – донесу.;My golden rooster was stolen! He brought me luck and now he's gone. I know it's that girl next door. Help me get it back! I can smell your hand behind it. Trick me on your own peril.
stolen_rooster_2;Замучила соседка-неумеха. Ферме сладу не даст, а петуха моего счастливого выкрасть хочет! Придет – гони в шею. А мне подай чего бодрящего. Устала, пока дошла до тебя.;My good-for-nothing neighbor is such a bother. All she wants is to steal my lucky rooster. Kick her out if she ever comes asking for help, you hear me? Now, make me some refreshments, got tired from walking.
Children_Third;У нас отец уже который месяц пьет, не просыхает ни на день. Нам да матушке достается сильно, никак управу на него найти не можем. Может хоть вы поможете?;Our daddy’s drinking like a fish. Hasn't been sober in months. He beats mother and us something awful. Maybe some of your brews can help?
Fool_1;Привет, подруга! Давай мельника разыграем? Ты меня замаскируешь, а я подкараулю его на складе и мукой обсыплю с ног до головы. Вот уморительно будет!;Hello, friendo! Let's prank the miller! I wanna hide in his storeroom and shower him with flour. It'll be hysterical!
mary.2;Как здорово, когда рядом настоящая ведьма живет! Ты поди и летать умеешь? На метле? А покажи, как ты летаешь, ну пожалуйста!;It's so awesome to have a real witch around! I bet you can even fly! Everyone knows witches float on broomsticks! Let me see you fly, pretty pretty please!
Chameleon_Hunter;Что-то я будто охотиться разучился — следы не узнаю, звери меня за версту чуют. А раньше ведь лучшим охотником был! Подсоби, а? Я тебе какую-нибудь шкурку красивую принесу!;I lost my hunting knack — can’t read the tracks and prey eludes me. I used to be the best hunter around! Help me, and I’ll get you some nice furs.
devil.6;Еще одна рыбка угодила в невод. Славно сработано, дорогуша! А теперь смешай {0}, {1} и {2}.;Another fly in the web. Nice work, baby! Mix {0}, {1} and {2}.
inquisitor.3;Не увиливай. Мне все твои делишки известны. Гореть тебе... в адском пламени ли, на костре ли святом. Но от огня не уйдешь. Давай, показывай, что там в котле у тебя.;Don't fool around. I know what you're up to. You will burn... In a holy fire or in hell. You. Will. Burn. Now, what do you have in that cauldron?
old_knight-3;Было трудно, но я одолел противников и пробился в полуфинал. Но, чую, не сладить мне с самыми искусными бойцами. И снова взываю к твоему ремеслу, желая стать чемпионом.;It was tough but I did it. Every opponent fell before my might. Now I'm against the very best and I don't think I'm up to the task. I am once again calling on your skill and craft in hopes of becoming a champion.
Chameleon_Potion_Soldier;Нам приказано выследить бандитов в соседнем лесу. Уж очень они стали прытки! Есть у тебя что-нибудь подходящее?;We've been ordered to hunt bandits hiding in the local forest. They've been getting too bold and troublesome. Got anything we can use?
Chameleon_Bandit_RobTaxCollector;Слыхала, сколько деньжищ нынче у сборщика налогов? Мы его подстеречь хотим, да изъять себе. Спрячешь нас от его глаз? Добычей поделимся.;Heard about all the money the taxman collected? It’ll only be just to...er... expropriate it. Let’s play a little hide’n’seek and you’ll get your cut.
Painter_2;Это снова я! В прошлый раз все отлично удалось. Давно мои картины так меня не радовали. Давай еще раз провернем, добавим какое-нибудь зелье в них?;Me again. What a smashing success! I don't remember the last time painting brought me such joy. Let's do it one more time!
Healing_Potion_Villager3;Снова я к тебе. Да голова-то не болит больше. А пятна в глазах остались, так и мелькает что-то черное, точно мыши бегают. Тревожно мне, помоги тени разглядеть.;I come again asking for your help. My head is okay, thanks. Yet I still see little black spots, like mice scuttling around. It bothers me a great deal, help me clear my sight.
Healing_Potion_Villager31;Не помогло варево твое, все мелькание вижу вкруг себя. В лес вышел, молиться начал, да на поганочку и наткнулся. Ты поганочку замешай, а то к кому мне еще податься, горемыке?;I still see little black spots, like mice scuttling around. I went to the woods and prayed, and my sight fell upon the little toadstool. Try putting it into your cauldron, you're the one bound to help me.
Love_Potion_Villager_Third;Никак он со мной остаться не может, всё равно домой возвращается. Дай мне еще бутылочку! Не могу видеть, как он с этой стервой живет.;Why must he go home, why can’t he just stay with me? Get me another drop, I can’t bear him living with that bitch!
blind-5;Какой необычный ресторан! Если б не мой друг, я б никогда... А что у вас в меню?;What quaint little inn! If not for a friend of mine I would never… What do you have on the menu?
blind-4;Какой необычный бар! Если б не мой друг, я б никогда... Что нальете?;What quaint little pub! If not for a friend of mine I would never… What do you have on the tap?
devil.3;Всегда рад тебя видеть, красавица! Попробуй бросить в котел {0}, {1} и {2}.;Always a pleasure to see you, doll! Try to add {0} to {1} and {2}.
Bird_Keeper_2;Здорово ты помогла с голубями, век не забуду! Пришел к тебе от имени королевского сокольничего. Его питомцы перестали приносить добычу. Поможешь ему?;Great work with those pigeons! Now I come at the behest of royal falconer. His pets can't catch any prey lately. Can you help?
Doctor_2;В прошлый раз ты мне здорово помогла! Сделаешь мне теперь какую-нибудь штуку для лечения людей? Хочу понять, как они у тебя работают, да может и сам чего-нибудь перенять смогу;Your last potion helped me a lot. Now, can you make an actual healing potion? I must understand how they work, maybe I can replicate this effect.
WakeCultist_2;Приветствую, о могущественная. К вам тут друг мой заходил, просил средство для хозяина. Ну взбодрить там его, растормошить. Понравилось оно ему, можете еще сделать?;Greetings, oh mighty one. You've met a friend of mine, he asked for a pick-me-up for our master. He liked it a great deal, can you make another?
WakeCultist_1_Failed2;Не то ты варишь, ведьма! Нам нужно то, что пробудит мертвого. Друзья подсказали, грибок этакий нужен. Который в суп кладут.;Wrong brew, witch. We need something that can wake you up from the deepest slumber. I heard there's a mushroom that can help. An edible one.
witch-memory-3;Как ты мог? После всего, что между нами было? Бросил меня? Посмеялся надо мной? Единственный в жизни шанс, и ты его упустил.;How could you? After all we've been through? Ditch me? Laugh at me like that? Once-in-a-lifetime chance, thrown away like garbage?
stolen_rooster_3;Скажу начистоту – про женихов соврала. Горе меня душит. Соседка обратила петухом моего суженого! Дай снадобье в помощь! Я петушка выкраду и расколдую поцелуем.;I gotta come clean with you - I lied about suitors. I'm mad with grief. My neighbor turned my beloved into a rooster. Help me steal him so I could dispel the evil charm with a kiss.
stolen_rooster_4;Обворовала меня, титька козья! Прикинулась работником – и стащила петуха. Ты ей помогла-таки? Ну, тогда научи, как отыскать уворованное, а то я на тебя инквизиции донесу!;She stole from me, you goat tit! Mimic'd a worker somehow and took off with MY rooster. You aided her, didn't you? Either you help me get it back or face the inquisition. Your choice.
Fool_2;Здравствуйте, уважаемая зельеварка! Мне нужно зелье, чтобы лягушкой притвориться. Есть у нас один рыбак, который меня недолюбливает, хочу посмеяться над ним.;Greetings, oh potion maker! II want to turn me into a frog. There is a fisherman who isn’t very fond of me, I’m gonna prank him severely.
Fool_1_healing;Не сработало варево твое. Мельник увидел и тумаков надавал. Вылечи меня, а то всем нажалуюсь, что никудышная из тебя ведьма!;Your brew was no good! The miller saw me and gave me a thrashing. Cure me, or I’ll tell everyone what a lousy potion maker you are.
mary.3;Шла мимо и решила заглянуть. Может, по дому чем помочь? Или с твоим... варевом? Давай почудим!;Just passing by. Do you need any help? Around the house? Maybe I could help you with some… mixing? Let's mix something crazy!
Beauty_Hunter;Отменное у тебя зелье вышло! Знаешь, дома пустовато как-то одному. Я тут присмотрел себе бабу, но не знаю, как подобраться к ней получше. Есть выпить чего-нибудь для этого дела?;Your potion worked splendid! Tell you what, my house feels empty sometimes. A girl caught my eye but that's a prey I never learned how to stalk. I’m sure you have something for it.
Healing_Potion_Bandit;Ранили меня сильно. Спаси меня, ведьма. Я денег не пожалею!;I've got a nasty wound. Save me, witch. You won't regret this, promise!
Unlove_Potion_Villager_Third;Ненормальная! Сколько можно семью мою пытаться порушить! Верни мне моего мужа, его душа принадлежит мне!;Are you nuts?!? Stop trying to destroy my family! My husband’s soul belongs to me!
devil.4;Скучала по мне, душечка? А уж я-то как скучал! Смешай {0}, {1} и {2}.;Did you miss me, sweetheart? I certainly did! Mix {0}, {1} and {2}.
witch-memory-4;Выбор сделан и скреплен кровью. Теперь ты останешься со мной навсегда. В печали и в радости. Да, котеночек? Теперь ты счастлив?;I've made my choice, and sealed it with blood. You will stay with me forever. Share my burden. Yes, my dear kitty? Are you happy now?
Fool_2_healing;Что-то как-то не так оно сработало. Рыбак меня по голосу узнал, да пнул пребольно. Лечи теперь!;Guess something went wrong. The fisherman recognized my voice and kicked me real hard in the groin. Cure me now!
mary.4;Ты так добра! Мне всегда хотелось самой... а, неважно. Я в лес иду, может, и для тебя каких травок пособирать? Нужно чего?;You are so nice! I've always wished I could… Nevermind. I'm going to the woods, can look for some herbs as well. Do you need some?
Love_Potion_Hunter;Спасительница моя! Я той женщине понравился, но она какую-то чепуху несет. «Не хочу все испортить» и бла-бла. Слышал, что у тебя приворотные зелья есть. Поделись, век буду благодарен!;You’re my saviour! The girl liked me, but she keeps on babbling something about “not-wanting-to-bungle-it-up-again”. They say you can make love potions, is it true? Care to brew me one?
Painter_3;Я чувствую, как шедевр зреет внутри меня. Это будет самая потрясающая картина во всем мире! Но неграмотные люди могут не понять всей её глубины. Поможешь сделать так, чтобы её любили все?;With my mind's eye I can see a masterpiece taking shape. It will be my magnum opus, the greatest painting ever! But I fear the masses are too ignorant to appreciate the grand design. Help me strike them with awe!
Memory_Potion_Villager;Никак он со мной оставаться не хочет, даже твои проклятые зелья не помогают. Не могу я жить без него. Убери его из памяти моей!;He just keeps going back, your vile concoctions are no help! I can’t live without him. Say what, get him out of my mind!
Doctor_3;И снова привет! Мне нравится, как у нас с тобой работа идет. Я слышал, ты можешь делать людей сильнее — наверное, мышцы у них растут быстрее или еще что-то. Дай попробовать для науки?;Hello again. I like our collaborative effort. Heard you can make people stronger - probably by promoting muscle growth or lowering inhibitions if I care to guess. Got a sample, for science?
WakeCultist_3;Доброго дня тебе, хранительница темных знаний. Ты уже очень помогла нам. Немного нашему хозяину осталось, чтобы довести свои дела до конца. Дай же в третий раз то зелье, что пробудит мертвого!;Good day to you, oh keeper of arcane arts. Your assistance was most appreciated. Soon our master will bring the matters to the end. Thrice we ask for a potion of awakening, and thrice it we'll acquire!
Doctor_4;Слушай, я тут понял. Если мы объединим знания, то сможем не только лечить! Главная проблема — чтобы плоть стала свежей и молодой. Помоги! У меня есть свежий труп, на нем испробую!;Now I finally understand. With our combined knowledge we can go beyond healing. We just need to solve the problem of rejuvenation and reinvigorating the flesh. A potion, posthaste! While the cadaver is still fresh!
bastard-1;Мой господин устал от чужого внимания и хочет ненадолго сменить личину. Будет тебе, ведьма, золото и слава, но – учти! Спрос тоже большой.;My lord got weary with excessive attention his person draws, and desires to refashion his fair visage for a spell. Riches and glory will be yours, witch, if you deliver.
bastard-2;К тебе намедни мой посыльный приходил, зелье для смены личины просил, а ты бурду сварила какую-то. И мы оба чуть голов не лишились! Продай то, что просим, иначе всем худо будет.;My man came to you the other day, asking for a face-changing potion. And you made him some glop, which was not very wise. Give us what we want or you will pay dearly.
bastard-3;Господин, что оказал тебе доверие – бастард предыдущего короля. Злить его опасно. Лучше помоги ему подтвердить чистоту крови! Ответ скрыт в летописях, да как его отыщешь без зелья?;The lord who'd honored you with his trust is the late king's bastard. A dangerous man to cross. Just help him prove his claim. I need to stay focused while I ponder the ancient texts in the royal archive.
bastard-4;Лекарь не зря тебя хвалил. Брат короля отыскал легенду о древней зачарованной чаше, что чует королевскую кровь. Помоги ее найти. Один из королей-полудурков подарил ее младшим родичам.;The doctor was right about you! The king's brother discovered a legend of an ancient enchanted chalice that only answers to one of the blood. We need to find it. One of the mad kings gave it away to some distant relatives
bastard-42;Лекарь не зря тебя хвалил. Брат короля отыскал легенду о древней зачарованной чаше, что чует королевскую кровь. Помоги ее найти. Один из королей-полудурков подарил ее младшим родичам.;The doctor was right about you! The king's brother discovered a legend of an ancient enchanted chalice that only answers to one of the blood. We need to find it. One of the mad kings gave it away to some distant relatives
chalice-1;Горе преследует мою семью. Умер мой дядя, а кузина одержима чашей, испить из которой может лишь наследник рода! Советник утверждает, что от нее спасет забытье, так что жизнь баронессы в твоих руках.;Ruin has come to our family. My uncle died and now my cousin is obsessed with the family chalice: only a true heir can drink from it. My advisor says the only way to save her is to make her forget the whole thing.
chalice-2;Советник говорит, что кузен против меня каверзу затеял. А я не верю. Вот и решила устроить пир, чтобы испытать родственника. Защити меня от яда или вредных зелий. Клянусь фамильной чашей – награжу щедро!;My advisor confided that my dear cousin is plotting against me. What a preposterous notion! I'm going to test him by holding a grand feast. Give me something to resist poisons. By the chalice, I'll reward you plenty!
chalice-3;Кузина все забыла, гуляет в саду и чирикает птахой. Но советник говорит, что нужно наполнить чашу ядом, чтобы проклятие не коснулось меня… И это звучит подозрительно. Лучше я обману чашу и спрячу в крипте! Что предложишь?;The cousin lost her mind and is no longer a threat. Now the advisor is telling me to fill the chalice with poison to avoid the curse... Sounds suspicious. I'd rather trick the chalice and hide it in the crypt. Any suggestions?
chalice-4;Не врал советник. Кузен вознамерился меня отравить, но был пойман за руку. Впрочем, не время радоваться. У заговорщика остались союзники. Нужно избавиться от них. Помоги моим людям в поисках и битве!;My advisor was right. The cousin tried to poison me but was caught red-handed. No time for a celebration though – he had allies. I need to get rid of them and my men will need help in their search and inevitable fight.
chalice-5;Я не просил травить кузину! Теперь чаша меня прокляла, потому что взял ее не по праву… Тебе что, советник заплатил? Только ему наша смерть выгодна. Вылечи, молю! Тогда я и с советником разберусь, и от чаши избавлюсь.;I never asked you to harm my cousin! I took the chalice by force, not by right, and it put a curse on me. Had our advisor put you up to it? Heal her, I beg of you! And then I'll deal with that snake and that damnable chalice!
M-dark_knowledge;Скрой мой облик, ведьма. Епископ ищет тех, кому тайные знания ведомы, а помощь ему требуется или на костер всех готовит – мне то неведомо. Но, почему бы не рискнуть? Культу нужны влиятельные друзья.;Help me change my appearance, witch. The bishop is looking for those who are into occult. I don't know whether he seeks power or wants to eradicate heresy, but it's worth the risk. The cult needs friends in high places.
M-forester;Вот это котел! А выуди-ка из него, хозяйка, зелья для сна. Я по поручению епископа грибы в топях собирал, да и съел парочку с голодухи. С тех пор глаза стеклянные, бодрость лютая! И на что божьему человеку такая погань?;What a cauldron! Is there perchance a sleep potion brewing in it? I was picking swamp mushrooms and ate a couple for a snack. Wasn't able to sleep ever since. Why on earth did the bishop sent me there?
M-gravedigger;Ломанули мы старый склеп по заказу дворцового хлыща. Внутри мох странный растет, чуть тронешь, пыльца так и летит. Чешемся теперь, как хряки! Подсоби, чем сможешь, до крови уже кожу расцарапали.;So we broke into that old crypt, right. Some buffoon from the palace paid us real good for it. One problem though, this weird dry moss inside got everywhere. It itches something awful, help!
M-nun;Его Преосвященство велел мне распутной девкой заделаться и пробраться на заставу королевских гвардейцев. Мне бы капитана приворожить, а то вдруг он только до молодух охоч?;His Holiness bid me to sneak into king's guard outpost under the guise of, ahem, harlot. I want to do it right so I need to seduce the captain – and he should like the young and the beautiful. Any help?
M-pilgrims;Побили на дороге паломников. Я подранков приютил, а они такое про монарха говорят – уши вянут! Подлечи их, глядишь, узнаем, что с ними стряслось.;I found a group of pilgrims on a road, all beaten up. Took them in and you wouldn't believe what do they dare to say about our king! Lets heal them, maybe we'll learn what happened to them.
M-rat;Ходил я с разбойниками тутошними, следил по поручению важной особы. Да раскрыли меня, когда письмо егерям писал. Еле ноги унес. Смени мне лицо, ведьма, чтобы живым до дворца добрался!;I ran with a band of outlaws for some time, had to dig up some information Orders are orders, you understand. They'd found out and I barely escaped with my life. I need a new face if I want to make it to the palace alive.
M-wildlings;Наш старшой с дикарями лесными столковался. Хочет их к делу приспособить. Вот только сначала нужно вождя поколотить, а тот здоровый, как лось! Я на кулак крепкий, но без помощи не сдюжу.;Boss made a deal with some wildlings. Thinks they might be of some use. Gotta best their chief in fight, and he’s huge like a moose. I’m not too shabby with my fists, but I’ll take all the help I can get.
temptation-1;Божий свет да озарит твою моровую хижину, ведьма. Найди среди своих декоктов и алхимий зелье настолько светлое, что избавит от тяжкой болезни чистую душой деву, ибо сам дьявол возжелал ее плоти!;Heaven’s light be upon you, witch. Search among your stores of vile decoctions and draughts, find me one pure elixir with the power to heal the sick, for a maiden chaste and pure needs it. The devil himself lusts for her!
temptation-2;Сестра епископа нездорова, а он то монахиню свою к шарлатанам гоняет, то молится! Думает, ее сам дьявол одержал. Но я вижу – захворало не тело. Разум! И, на время, больную следует от разума избавить.;Bishop’s sister is ill. He thinks she’s possessed, by the devil himself no less. In my expert opinion her illness is not of body, but one of the mind. Dulling her mind for a time should help. In theory.
temptation-3;Глупо передавать через лекаря вредоносное зелье, коллега! Был о вас лучшего мнения. Впрочем, все можно исправить, если изволите дать отвар, о котором я просил. Лишите рассудка несчастную!;Between us colleagues it’s quite unwise to try to poison a patient in such an obvious way. I expected better of you. There’s still hope despite your efforts. Just give me the potion I asked for, to take her mind away!
temptation-4;Лекарь не помог епископу. Девица то смеется, то задыхается, то сипит, как змей! Вот и воззвал божий человек к культу. И культ поможет - наш бог пожрет болезнь, если правильно погрузить деву в сон.;The doctor wasn’t able to help the bishop. His sister's getting worse. The man of god saw no option but to seek our dark knowledge. If the maiden is put into magical slumber, <i>our</i> god could devour her ailment. Or so we believe.
king-1;Я здесь по воле короля. Настало время заткнуть епископу пасть, а то лает, как бешеный пес, подбивает прихожан к восстанию! А сам якшается с ведьмами… В общем, дай зелье, чтобы повнимательнее я стал.;Word and deed sovereign. The bishop must be silenced. Like a rabid dog he lashes at the rightful king and incites rebellion. While consorting with witches, no less… Anyway, I need a potion to sharpen my senses.
king-21;Нам нужно сместить епископа! Колдовство на него не подействует, но мы можем его опоить простым алкоголем, это развяжет ему язык. Выбьем признание, что епископ отвернулся от света!;The bishop must be deposed! Charms and sorcery won’t affect him, but hard liquor might. Maybe when his tongue loosens a bit he’ll let slip how far he’d strayed from God’s light!
king-22;Нам нужно сместить епископа! Колдовство на него не подействует, но мы можем его опоить простым алкоголем, это развяжет ему язык. Выбьем признание, что епископ отвернулся от света!;The bishop must be deposed! Charms and sorcery won’t affect him, but hard liquor might. Maybe when his tongue loosens a bit he’ll let slip how far he’d strayed from God’s light!
Nightmare_Children;П-привет. Мне это... Ну... Зелье нужно. Да любое подойдет, я вообще на спор к вам пришел, не превращайте меня в лягушку, пожалуйста!!!;H-hullo. I wanna, uh...p-potion. Any will do, I'm just here on a dare, just d-don't turn me into a frog p-please!!!
Unlove_Potion_Villager_Second;Муж опять из дома сбежал. Опять за своё? Дай мне зелье верное, а не то дождетесь у меня!;Me husband has run away again. I know, that’s your doing! Make me the right potion, or else…
Love_Potion_Villager_Second;Что-то слабовато твое приворотное зелье оказалось, всего несколько дней он у меня прожил, а потом опять к жене сбежал. Навари ещё, это были лучшие дни в моей жизни!;Your love potion got weak fast, he stayed with me for a couple of days and returned under his wife’s skirt. It was so wonderful, brew me some more!
Strength_Bandit_EscapeFromPrison;Моих ребят повязали, когда мы пытались деньги отобрать. Не дай им в тюрячке сгнить, помоги нам разломать там всё, да вытащить их.;My boys got rounded up trying to pull it off with the tax collector! They’re now rotting in jail! Help us tear everything apart and get them out.
Memory_Potion_Husband;Здравствуй, колдунья. Женушка с соседкой всё дергают меня туда-сюда твоими зельями дрянными. Думают, что я не понимаю ни черта. Дай чего-нибудь, чтобы это прекратилось.;Good day, sorceress! My wife and the woman next door keep poisoning me with your foul potions. They think I don’t realize anything, but I do. I’m fed up, give me something to stop it.
devil.5;Брат мой передает тебе благодарность. Уж очень крепко он спал. Смешай-ка {0}, {1} да {2}.;My brother sends his regards. He's been asleep for a while. Mix {0}, {1}, {2}.
scarecrow-1;Пошел я ночью опузыриться за амбаром, глядь – в пшенице бродит кто-то. Собрался псов спустить, а вижу – пугало наше шастает. Жуть! Спалить бы, да жалко. Хорошо ворон гоняет. Может, усыпим его как-то?;Last night I was passing water behind my barn and saw someone creeping in the field. 'Tis was my own scarecrow! Spooky, innit? Shoulda burn it honestly, but then who will scare them crows? Put it to sleep, mayhaps?
scarecrow-2;Муж мой про пугало рассказывал? Болтун глупый! Открою тебе рецепт семейный, навари жаркое из гадюки с грибами – и мне отдай.;Guess my husband blabbed about the scarecrow. Him and his big mouth! Well, I know how to put his mind at ease. A family recipe, you can help me with. Snake-and-mushrooms stew, very potent.
scarecrow-knight;Расплодили нечисть! Ну, зато достойному воину работа будет. Дай мне что-нибудь, чтобы работалось получше, я ваше пугало живо угомоню! Прославлюсь. Может, король на службу позовет.;This land is ripe with monsters of all kind! Guess I have my work cut out for me. Starting with that scarecrow. Now, give me something to help in battle. Glory awaits!
jack01;Я отставной капеллан, но теперь за кладбищем смотрю. И пью. А чего бы не пить? Так бы и жил, да явился вчера по мою душу бес паскудный. Три дня ходить за мной будет, чтобы со свету сжить! Помоги обдурить его трижды, а?;I was a chaplain once, now I tend to the graves. And drink at my pleasure. Life was good, it was. Until a vile demon came for my soul last night. I'm lost unless I fool him thrice. Help!
jack02;Сработало! Пока бес копытами еле перебирал, я все могилки оббежать успел! Но, думаю, второй раз это не сработает… А что, если я сегодня обряжусь эдакой дамой? А ты мне зелье дашь, чтобы рожа моя поровнее стала.;It worked! The demon was too slow on his hooves and I blessed every grave before sunrise. Don't think it'll work the second time, though. What if I dress up like a lady tonight? Just need to pretty up my face a bit.
jack03;Второй раз обдурили беса! Я иду, весь такой нарядный, а тут рогатый навстречу. Говорит, ну позабавлюсь! А я ему твоим отваром в рыло… Думаю, на третий заход усажу его за стол и устрою пьянку. Я в этом деле сноровистый!;Fooled him again! I was walking along, all dressed up, and there came the demon. Well, I just threw your potion right into his ugly face. Now, for the third time we'll do a drinking contest. If I'm good at one thing...
