id;title;description_RU;description_EN
Intro;Новоселье;По окрестностям ползет слушок, что в старом домике на краю леса поселилась ведьма.;Rumors say a witch moved into the old hut on the edge of the forest.
Laughter3;;Вокруг слышно много смеха, и жизнь все веселее.;Village is alive with laughter and life has never looked better.
Wrong2;;Крестьяне презрительно отзываются о ваших способностях: «Да она ни одного зелья правильно сварить не может!»;Peasants dismiss you as a fraud: 'It's all mixed up all right. In her head, haha.'
Love3;;Уже несколько счастливых браков разрушилось — поговаривают, что это ваша вина.;Seemingly happy couples fall apart - and they blame you for that.
Healing5;;Люди из крупных городов стали приезжать в вашу глушь лишь затем, чтобы вы исцелили их.;City folk starts coming to your neck of woods seeking cures for their maladies.
Wrong1;;Люди фыркают и поджимают губы, когда слышат ваше имя — ваши зелья им не помогают.;People snort and make faces when they hear your name - your potions didn't help them one bit.
Poison3;;Люди беспокоятся, что стало много случаев странных смертей.;People are unsettled by all the strange and sudden deaths that happened lately.
Placebo3;;По округе ходят слухи, что вы просто травница.;Word gets around that your herbal remedies aren't really magical.
Memory3;;Говорят, один парень забыл сегодня дома свою голову.;One lad forgot his head home today because it wasn't nailed down, can you believe that?
Poison5;;Смертей становится больше и больше. Вместе с ними — страха и недовольства.;Deaths are on the steep rise. Fear and anger follow.
Healing3;;Деревенские благодарны вам за лечение и разносят вести о вас до самых дальних хуторов.;Peasants are grateful for your cures and spread rumors about you even to the farthest villages.
Voice3;;В деревне появилась труппа бродячих артистов во главе с коровой.;The village now has its very own minstrel band, lead by a singing cow.
Curse3;;С людьми и животными случается все больше несчастных случаев. Люди шепчутся, что это всё вы и ваш кот.;Misfortune befalls people and livestock. Some whisper, it's the doing of a certain witch and her damn cat.
Chameleon4;;В деревне все чаще загадочным образом пропадают вещи. И люди.;Things go missing way too often in the village, nowhere to be found. People, too.
Laughter5;;В деревне похороны. Один из уважаемых людей умер от смеха.;Funeral today. A respectable townsman died from laughter.
Beauty3;;Красота местных селянок (и коров) гремит на весь свет.;Local wenches (and more than one cow) rival princesses in their beauty.
Strength3;;В кабаке случилась драка, и один мужик нечаянно сломал другому все ребра.;A tavern brawl yesterday came to a gruesome end when one man punched another so hard he broke his every rib.
Sleep3;;Один мужик заснул на телеге и проснулся в другом городе.;One bloke fell asleep on his cart and woke up in the next town over.
Placebo5;;Народ считает, что вы просто наливаете подкрашенную воду в бутылки.;People think you're just bottling colored water.
random-rogues;;Несколько богачей были ограблены на лесной дороге. Поговаривают, что там завелась шайка разбойников.;Some rich men were robbed of all their possession on the forest road. They said it was a new bandit gang.
random-1;A present;Кто-то оставил сверток у порога вашего дома. К нему прилагалась записка: «Всего хорошего и спасибо за помощь!» Привет из прошлого?;Someone's left a present at your door. The note says 'Your help was most satisfactory'. It seems the past is catching up with you.
random-tax_collector;;Люди поговаривают, что в город ожидается прибытие королевского сборщика налогов.;People are talking that the king has sent his man to collect taxes from the townsfolk.
random-2;Stormy weather;Ветер рвет тяжелые тучи. Сверкает молния, но грома не слышно. Прекрасная ночь для кошмарных снов.;Heavy wind rips the leaden clouds apart. Flashes of lightning shatter the sky yet the thunder never comes. Nights like this bring nightmares.
random-3;Drunken prophet;Пьяный мужик шатался по деревне, крича ваше имя. Он быстро унялся, но люди стали шептаться.;A drunken man stumbles around the village cursing your name. He falls asleep before long, leaving more than one brow raised in suspicion.
Painter_1_Laughter;;Судя по всему, Гоффридус решил сменить стиль — раньше его работы восхищали и удивляли, а сейчас лишь смешат, как ни пытается растерянный мастер объяснить, что это «серьезное, высокое искусство!» Но даже такая слава — это слава.;The esteemed artist Goddfridus changed his style quite radically, or so it seems. His works, which used to amaze and awe, now make people laugh - despite artist's efforts to convince them it's 'serious, high art'. Well, a fame's still a fame.
Painter_1_Beauty;;Местным художникам приходится нелегко — новые картины Гоффридуса настолько притягивают взгляд, что на другие произведения никто не хочет смотреть. Его слава растет, как и зависть его коллег.;Local artists have fallen on hard times – Goddfridus' new paintings are so enthralling that no one spares a glance for others' works. His notoriety grows, and so does the jealousy of his peers.
Painter_1_Numb;;Из мастерской Гоффридуса весь день доносилась ругань — новые краски художника слишком быстро застывают, и он не успевает ничего нарисовать. Говорят, что иногда он даже кисточку не успевает достать из них!;People on the street could hear Goddfridus cursing and screaming in his workshop the whole day. Apparently his new paints dry too fast for him to do any work - sometimes with his expensive brushes still inside.
Painter_1_Unlove;;Что-то странное появилось в новых картинах Гоффридуса. Люди не могут объяснить конкретно, но все согласны, что видят в работах что-то мерзкое и противное. С каждым днем все больше людей убеждается, что его талант иссяк.;Goddfridus' new paintings are weird and unsettling. No one can say exactly why but everyone agrees they look creepy and repulsive. Every day more and more of his fans become convinced he's washed up.
BlacksmithDied;;В деревне помер единственный кузнец, на котором держалась его большая семья. Жители очень грустят о его смерти. Найти замену будет непросто.;Village's only blacksmith is dead. A sole provider for a large family, he will be missed greatly. Finding a new one's gonna be tough.
BlacksmithKilledAMan;;В пылу спора местный кузнец не рассчитал силы и прибил другого крестьянина. Если его бросят в тюрьму, туго придется всей деревне — он был единственным мастером на всю округу.;During an argument the local blacksmith killed a man with a single blow. If the lord finds him, it's not just his family that will fall on hard times, but the whole village – he's the only smith around.
BlacksmithForgot;;В деревне переполох — кузнец забыл, с какой стороны браться за молот. Неясно, вернется ли к нему память. Все это время деревне будет туго.;Another disaster: the village blacksmith forgot how to handle a hammer. Tough times ahead, at least until his memory returns.
BlacksmithClumsy;;Над местным кузнецом начала потешаться вся деревня. За последний день он успел: уронить молот себе на голову, поджечь волосы, когда разжигал горн, и убить подковой коня местного лорда.;Local blacksmish became a laughing stock for the whole village. Just yesterday he dropped a hammer on his head, set his hair on fire and killed a nobleman's steed with a horseshoe.
BlacksmithNumb;;Близлежащая таверна решила сменить название. В ней появилась новая достопримечательность – огромная каменная статуя местного кузнеца. В открытую никто не говорит, какой «мастер» так постарался, но поглядывать на вас стали с большим страхом и злостью.;A local tavern is now called Smithstonian - renamed after a new tourist attraction, a life-sized statue of the village blacksmith. No one talks openly of the 'sculptor', but the looks that people give you betray their fear and resentment.
common_gay_event;;У пруда в звездную ночь видели двух здоровых мужиков, которые отчаянно целовались. О времена, о нравы!;Village pond. Starry sky, mirrored in still waters. Two men on the shore, kissing each other with desperate passion. O tempora, o mores!
moonshine-stealing-fairies-illness;;Главный поставщик браги в местный трактир слег с болезнью. По слухам, отравился собственным продуктом. Крестьяне слегка приуныли.;Beer supplier for the local tavern has fallen ill. Poisoned by his own stock, or so they say. Folks have been understandable low in spirits.
HorseRaceReward;;Под утро пришел вдрызг пьяный хозяин лошади, победившей на скачках, и слезливо выражал вам благодарность за помощь. Про обещанный рецепт он вспомнил не сразу. Записано с его слов: «В отвар листьев крапивы вмешать толченую поганку и что-то там еще, хоть убей, не помню, мать моя, как голова болит». ;The owner of the winning horse stumbled into your hut early in the morning, overflowing with drink and gratitudes. You could barely shake the promised recipe out of him. As told in his own words: 'Add mashed deathcap to nettle decoction, then oh god my head is killing me I'm gonna p'.
AngryCitizen;;Сегодня в трактире один селянин ругал вас отборной бранью за то, что вы подвели его. Грозился повесить вашего кота.;Someone made a scene in the tavern today, swearing and cursing 'hat damn witch, she screwed me, and not in a good way'. Threatened to hang your cat, too.
ManDiedFromPoison;;В самом расцвете сил скончался один из местных мужиков. Его вдова (и почему-то её соседка) очень сильно горюют.;A villager in his prime dropped dead. His wife (and, oddly enough, her neighbor) is inconsolable.
LoveStoryVillagerCurse;;Кошмар! Самый красивый из крестьян (за которым и после замужества активно бегали девки) превратился в страшнющего урода. Единственная, кто не отвернулся от бедняги — бутылка, от которой теперь его не оторвать.;Another local tragedy. A handsome man turned into a disfigured freak overnight. His wife left him and no girl would spare a glance for the poor guy. His only solace now lies at the bottom of the bottle.
LoveStoryVillagerFlying;;Один из местных мужиков не вернулся с покоса. Его друзья клянутся Богом, что он улетел вместе с косой и ругательствами. Семья (и втайне его соседка) ужасно горюют!;A local man didn't come back from hay-making. His friends swear he flew away clutching his scythe and cursing. His family (and the girl next door, albeit in secret) are beside themselves with grief.
LoveStoryVillagerRejuvenation;;Ну и ну! От крестьянки сбежал муж. Куда — никто не знает, только соседи говорят, что вместо себя к ней в кровать младенца подсунул!;Hell's bells! A man left his wife all of a sudden. No one seems to know where'd he go and why in the world did he put a baby in bed. Or, for that matter, where did the baby come from in the first place.
LoveStoryVillagerLaughter;;Ночью был слышен шум на всю деревню — крестьянка выгнала из дома своего мужика. Даже после этого он не перестал глупо хихикать. Бедняге пришлось бы плохо, если бы одна из соседок (как-то очень быстро) не забрала его к себе.;A woman kicked her husband from the house. Everyone in the village heard her shouts and his laughter. Why, he even kept laughing afterwards. Good thing a girl next door picked him up before long - some say she seemed too eager even.
bard.love;;Кажется, местная таверна «Последний заход» открыла весьма амбициозного начинающего музыканта! Запомните это имя – Густаф, – ибо имя этого талантливого поэта и великолепного исполнителя прославится в веках!;A new ambitious musician revealed himself last night to the patrons of The Last Call tavern. Remember the name - Gustav, for this talented poet and amazing performer will surely go down in history!
bard.curse;;И восхищались посетители таверны «Последний заход» откровенно плохим исполнением барда, и потеряли всякий музыкальный вкус, и не желали более слышать других вагантов. ;And so it came to pass that everyone present in The Last Call tavern that fateful night somehow couldn't stop listening to frankly atrocious bardic performance, and completely lost the taste for music as a result, and wouldn't hear any vagant anymore.
bard.beauty;;Первый в истории нашего города конкурс красоты и очарования состоялся сегодня вечером в таверне «Последний заход». Ведущий бард Густаф уже принимает заявки на следующий конкурс!;First ever beauty pageant our fair town has ever seen was held today in 'The Last Call' tavern. The host, famous bard Gustav, is already accepting entries for the next one!
bard.laughter;;Печально известный бард Густаф, которому так и не удалось снискать славу певца, сменил амплуа! Да-да, встречайте дерзкий, находчивый и смелый Густаф – сегодня и каждый вечер в таверне «Последний заход». Не приходи, если боишься быть осмеянным. ;Infamous bard Gustav chose a different role after failing to make it as a singer. You heard it right, folks - bold, clever and outright shameless Gustav - tonight and every night, ready to slice and dice you with his wit in 'The Last Call' tavern. Come if you dare!
bard.poison;;37 посетителей таверны  «Последний заход» получили тяжелое отравление. Многие из них, вероятно, уже не встанут с постели. Почтенная таверна еще долго не оправится от такого удара. Подозрение пало на единственного здорового посетителя – бродячего барда, имя которого неизвестно. ;37 patrons   of 'The Last Call' tavern came down with a severe food poisoning. Expectations are grim for many of them. The reputation of the famed tavern took a heavy hit. Suspicions arise around the sole customer who came unscathed - a wandering bard at large whose name is still unknown.
bard.flight;;Не дождавшись окончания песен артиста, горожане разлетелись по домам, в прямом смысле этого слова. Видать, нечисть какая-то завелась в наших краях. И творит эта нечисть свои тёмные дела.;The bard's song were still playing when the tavern patrons took off flying to their homes. Something's rotten in our fair village. Or some one.
bard.healing;;Сегодня ночью в таверне «Последний заход» завязалась большая потасовка, впрочем, как оно часто и бывает. Был убит игравший в таверне неизвестный бродячий артист. Ваше зелье спасло 37 жизней и жизнь трактирщика, но только до следующей ночи, а там – кто знает. ;There was a brawl in 'The Last Call' tavern last night, as is tradition. A wandering bard, name unknown, was killed. Your potion saved 37 people and innkeeper's life. At least until the next night.
bard.unlove;;Какой-то мелкий артист, имя которого никто никогда не узнает, распугал посетителей таверны «Последний заход». Видимо, его лютня была настолько расстроена, что у завсегдатаев таверны свело все зубы и мужики решили выбить парочку-другую у музыканта.;A conflict arose in 'The Last Call' tavern when some bard's badly tuned lute caused enough tooth pain to the customers who decided to knock some of the musician's.
mushroom-story-event.2;Сытый покойник;Хозяин постоялого двора поведал об удивительном случае – довелось ему покойника потчевать! И так пришлась мертвецу по вкусу похлебка, что глубже в землю зарылся, утащил с собой мухоморы и поганки. Хозяин яро рекомендует местную ведьму.;An innkeeper tells a curious tale to anyone's willing to listen. Something about a feast for a dead man. The stiff was so pleased with his stew he burrowed deeper into the earth, dragging every deathcap and fly agaric with him. The innkeeper praises the local witch to high heavens.
pig.pretty;;Свинья, получившая приз на деревенской ярмарке, привлекла столько внимания, что сам король выкупил ее к своему праздничному ужину.;A prize pig, the winner of the village fair, drew so much attention that the king himself bought her for his feast.
WhenPigsFly;;Удивлению селян не было границ, когда они увидели парящего в небе поросенка. Для многих это был знак свыше.;And the awestruck peasants beheld a piglet soaring in the skies. Verily, 'twas a sign from above.
pig.love;;Сегодня по улицам с позором провели крестьянина, который занимался непотребством с соседской свиньей. Даже для местных нравов это чересчур.;A man was publicly shamed after he was caught in the middle of an obscene act with his neighbor's pig. It was too much even for local customs.
Bird_Keeper_1_Poison_Curse;;Проповедники начали говорит о конце света. С неба на город падают мертвые птицы. Многие видят в этом дурной знак, свидетельство поветрия или чего хуже. И лишь бедняки возносят хвалу Господу за бесплатную еду.;Street preachers warn the end of the world is coming. Birds drop dead from the sky. Some fear it's a bad omen or a sign of a coming plague. The beggars are simply thankful for the free food.
Bird_Keeper_1_Healing;;Когда вы распахивали окно утром, то увидели стаю голубей, которые летели в разные стороны над городом. Кажется, зелье сработало как надо.;When you'd opened the window this morning you saw a flock of pigeons flying to every corner of the town. It seems the potion's working as intended.
Bird_Keeper_1_Speed;;Теперь в вашем городе можно узнать свежие  новости с любого конца света. Голубиная почта даже из самых далеких стран стала доходить всего за день. Правда, не все птички хорошо выдерживают такую нагрузку.;Your town now gets latest news from every corner of the world. Messenger pigeons reach even the furthest lands and come back in just a day. Not every bird can handle the strain though.
Bird_Keeper_1_Wake;;Теперь в вашем городе можно узнать свежие новости с любого конца света. Благодаря вашей помощи, сил у голубей хватает на самые длительные перелеты. ;Your town now gets latest news from every corner of the world. Thanks to you the messenger pigeons can endure even the longest flights.
Bird_Keeper_1_Foolishness;;Местная голубиная почта вышла из-под контроля. Вместо пересылки новостей и доставки писем птицы нападают на людей в поисках еды. Стража начала устранять проблему. Но город еще какое-то время пробудет в помете и без новостей. ;Pigeon mail's out of control. The pigeons refuse to carry messages and attack people like birds of prey instead. The guards are handling the problem, but the guano-covered town will have to do without news for a while.
Bird_Keeper_1_Numb;;Смотрителя голубятни вышвырнули с работы. Говорят, что он потерял разум и накормил всех птиц отравой. Поев, те замирали на месте как вкопанные. Как водится, многие считают, что тут виновата и местная ведьма.;The pigeon-keeper got kicked out of his job. They say he'd lost his mind and poisoned every bird in his care. Poor things stopped dead in their tracks. As usual, some think the witch is partially to blame.
Bird_Keeper_1_Sleep;;Горожане стали находить в своих дворах упавших почтовых голубей, которые, как оказалось, заснули в воздухе. Письма, которые они переносили, перепродают — ведь немногие умеют их читать.;People are finding in their backyards mail pigeons that apparently fell asleep in the air and dropped down. A black market of letters have formed, since only the chosen few can read them.  
Gardener_Strength;;Ночью из района знати раздавались грохот и крики, стражники со всего города сбежались туда. Какие-то огромные жуки  разломали несколько домов и успели убить пару десятков людей, прежде чем их удалось уничтожить. Откуда они взялись в городе — неизвестно. Ходят слухи, что один из лордов разводил их в своем саду, но не смог контролировать.;Last night every guardsman on duty was alerted and had to report to Noblemen's Quarter because of rumble and shouts that were heard across the town. Some wierd giant bugs leveled several houses and killed about two dozens residents before they were surrounded and put to the sword. No one knows where did they come from, although the rumors are they broke loose from a walled-off garden where one of the lords was breeding them.
Gardener_Poison;;Утром вы нашли под дверью букет цветов с запиской: «Спасибо за помощь, все вредители передохли!»;You found a bouquet of flowers this morning with a note saying: 'The pests are dead, all thanks to you!'
Gardener_Numb;;Вы нашли у себя за окном несколько искусно сделанных каменных насекомых. Рядом лежал цветок красной розы и записка: «Ваше зелье превратило их из неприятной проблемы в красивые украшения».;You've found a bunch of finely crafted stone insects on your windowsill. Next to them was a rose flower with a note: 'A nuisance turned into fine decorations, thanks to your potion'.
Gardener_Flying;;Горожане жалуются на нашествие насекомых. Огромный рой объедает траву и деревья, и если никто ничего не сделает — зелени не останется вовсе.;Townspeople complain about a pest infestation. The swarm devours tree leaves and grass and will soon consume it all if it isn't stopped.
Herald_Laughter;;<i>хи-хи-хи-хи хи-хи-хи-хи-хи</i>;<i>eh-hee-hee-he-eh-hee-hee-he-</i>
Herald_Healing;;Утром вас разбудил звонкий голос с ближайшей площади, который всем рассказывал, «какая чудесная и добрая травница живет тут рядом». Слова глашатая звучали приятно, но выспаться он вам не дал.;A loud voice from the town square woke you up. It praised 'oh so kind and wonderful healer who lives nearby'. Nice words from the town crier, but couldn't he wait for five more minutes?
Peasant_Bear_Strength;;Даже до вас дошли рассказы о невероятной силе одного крестьянина, который принес в город разорванного пополам медведя. Местные дивятся тому, что он никогда раньше не показывал такой силы.;You've heard peasants talking about an unusually strong man, the one who came back from the forest carrying a bear torn in half. Quite unusual, and he never shown such feats of strength before.
Peasant_Bear_Flying;;Дети рассказывают, что видели летающего над лесом крестьянина. Тот вернулся вечером в деревню в ссадинах и синяках, но живой. Молча выплатил проспоренный долг, только буркнул что-то про «глупую ведьму и её розыгрыши дурацкие».;Children saw a man flying over the forest. Later that evening he came back, bruised and battered but alive. He paid his lost bet without argument, but people heard him muttering something about 'that stupid witch and her silly pranks.'
Peasant_Bear_Love;Роман с медведем;Крестьянин, ушедший искать медведя, вернулся вечером в деревню в ссадинах и синяках, но живой. Молча выплатил проспоренный долг, только буркнул что-то про «глупую ведьму и её розыгрыши дурацкие».;A wanna-be bear hunter came back, bruised and battered but alive. He paid his lost bet without argument, but people heard him muttering something about 'that stupid witch and her silly pranks.'
Peasant_Bear_Fail;;Крестьянин, ушедший в лес охотиться на медведя, так и не вернулся. Его спорщик, протрезвев, понял, что идея была не лучшая — выплатить-то долг проигравший не сможет!;A wanna-be bear hunter never came back from the forest. His buddy (when he finally got sober) realized the wager was a bad idea in the first place - the loser can't pay him back!
old_knight_event_1;Мертвый всадник;Минувший турнир омрачен жутким событием. Славный рыцарь, покрывший себя славой и подвигами в былые годы, отдал богу душу, едва забравшись в седло. Скакун унес мертвеца в лес и с тех пор бродит там, пугая лесорубов и крестьян.;A shocking event marked the end of the knight tournament. A famed knight, well-known for his noble deeds and exploits in years past, passed away the moment he climbed into saddle. His steed bolted away and now wanders the forest, still carrying the grim burden.
old_knight_event_12;Мертвый всадник;Минувший турнир омрачен жутким событием. Славный рыцарь, покрывший себя славой и подвигами в былые годы, потерпел фатальное поражение. Скакун унес мертвеца в лес и с тех пор бродит там, пугая лесорубов и крестьян.;A shocking event marked the end of the knight tournament. A famed knight, well-known for his noble deeds and exploits in years past, was fatally wounded in the last bout. His steed bolted away and now wanders the forest, still carrying the grim burden.
Doctor_1_Healing;;Невероятный случай — один из пациентов лекаря (которому тот собирался отпиливать ногу из-за гнилой раны) сумел не только встать на обе ноги, но и убежать, не расплатившись!;A most unlikely event - one of doctor's patients, which was about to have his leg amputated because of gangrene, walked - nay, ran away! Without paying!
Doctor_1_Numb;;Говорят, местный врач открыл новое обезболивающее. Последние его пациенты, которым он удалял руки или ноги (или еще чего-нибудь) не чувствовали ничего!;They say the doctor discovered a new wondrous painkiller. His latest patients didn't feel a thing when he was cutting away arms, legs and other extremities.
Doctor_1_Poison_Curse;;В городе появились слухи, что местный врач затаил обиды на людей. Почему же еще им становится хуже после его операций, даже самых легких? ;People are whispering that the good doctor is not so good after all. His patients are getting worse even after simplest surgeries.
Cultist_1;;Ночью с ближайшего озера раздавались какие-то крики и шум. Некоторые видели, как оно бурлило, несмотря на полное спокойствие в окрестностях. Кто-то заметил странное сине-зеленое свечение рядом с ним. ;Last night screams and howls were heard from the lake. Some people saw waves and turmoil, despite the lack of wind. And a weird bluish-green glow.
stolen_rooster_event.1;Куси ее!;На дальней ферме воровку собаки порвали. Полезла через забор, чтобы петуха соседского украсть, и шмякнулась в крапиву. А псы только того и ждали.;A bird thief got torn up by dogs on. She fell into the nettle while climbing the fence to steal a certain golden rooster. The beasts were waiting.
stolen_rooster_event.2;Воровка;До вас доходят слухи, что на дальних фермах одна из местных пыталась выкрасть золотого петуха у соседки, но, едва прикоснулась к нему, оскудела рассудком. Хозяйка пожалела бестолковую и взяла к себе – ходить за поросятами.;You've heard a rumor about a local girl who tried to steal a golden rooster from her neighbor, but lost her mind the moment she touched it. The neighbor felt sorry for her and took her in, to look after the pigs.
СowPerforming;;Сольные выступления местной коровы быстро набирают популярность.;Local singing cow quickly becomes more and more popular among the masses.
CowLost;;У одной бедной женщины пропала корова — она нигде не может ее найти.;Some poor woman lost her cow and can't find her anywhere.
CowForgotMilk;;У одной бедной женщины корова вдруг перестала давать молоко. Конечно же, люди винят в этом вас.;Some poor woman's cow went dry all of a sudden. Naturally, people blame you.
FoolDied;;Скончался местный дурачок. Многие выразили сожаление его семье, но вместе с тем вздохнули с облегчением — его «шуточки» достали многих.;The village fool has died. Some consoled his family but many breathed a sign of relief – his pranks annoyed everyone.
SleepVillagerPoison;;В деревне умер приехавший из города мужичок. То ли воздух был слишком свежий, то ли к простой еде непривыкший был — загадка. Его брат говорит, что как-то раз уснул и не проснулся. Грустно шутит, что «хоть в вечном сне тот не храпит», правда, по его глазам видно, насколько ему не хватает этого храпа.;A visitor from the big city died in the village. Was it the fresh air or rough food that'd done him in - no one knows for sure. His brother says it happened in his sleep. He jokes that 'at least he ain't snoring now that he rests in peace' but the smile doesn't reach his eyes.
SleepVillagerLaughter;;Местные нашли себе новое развлечение! Один мужик по ночам дает послушать, какие странные звуки издает его братец из города. То смешливо храпит, то хохотать во все горло начинает, даже с кровати скатиться может от хихиканья, а все не просыпается!;Locals' got a new favorite pastime. For lack of a better amusement they gather to watch a snoring man. His whimsical wheezes and giggling snorts are a laugh for the whole village. It's not often you see a sleeping man fall from his bed in a burst of laughter and keep sleeping. 
mary.91;;Одна из селянок летала в полночь голой на метле и хохотала как безумная. Вряд ли она ожидала, что инквизиторы так быстро ее поймают и бросят в темницу. Пусть теперь посмеется.;This midnight a local girl was seen flying around on her broom. Stark naked and laughing wildly. The church took immediate actions and locked her up. Who is going to laugh now?
mary.92;;Одна из селянок скакала в полночь голой на метле и хохотала как безумная. Наверное, съела или выпила чего-то не того.;A local girl took to running around with her broom, stark naked and laughing. Perhaps there's something in the water.
mary.93;;Местная девушка была найдена мертвой в собственном доме, неестественно скрюченной и с застывшим в глазах ужасом. Горькая утрата, родные и друзья убиты горем.;A local girl was found dead in her room, with terror in her eyes and all twisted up. A shocking tragedy for her friends and relatives.
MerchantReturned;;Благодаря вашему зелью, торговец смог улизнуть от бандитской засады, хоть и потерял часть товара.;Thanks to your potion the merchant was able to dodge a bandits' ambush. He still lost part of his wares but saved his life.
MerchantReturnedVeryWealthy;;Благодаря вашему зелью, торговец всю дорогу был начеку и смог улизнуть от бандитской засады. Он хорошо отблагодарил вас.;Thanks to your potion the merchant stayed sharp the whole way and dodged a bandits' ambush. He has paid you handsomely.
MerchantDied;;Местный торговец так и не вернулся в деревню. Возможно, он просто уехал в другой город. Но многие видели, как прямо перед пропажей он заходил к вам.;The merchant never returned to the village. Who knows, maybe he decided to move. But his visit to you right before he disappeared didn't go unnoticed and now people are talking.
tavern.numb;;Хоть Густаф и потерял голос, но его желание играть на лютне никуда не пропало. Теперь свою музыку он сопровождал мычанием. Иногда даже попадал в мелодию.;Gustav lost his voice but not his passion for music. He now moos instead of singing and even hits some notes right. Sometimes.
tavern.memory;;Хозяин таверны благодарит вас за помощь. Бард действительно забыл дорогу в таверну в эту ночь, блуждал со своей лютней где-то на другой стороне города.;Tavern owner thanks you for help. The bard forgot his way to the tavern last night and wandered the city hugging his lute.
tavern.voice-change;;Хоть голос у Густафа и стал более глубоким и чарующим, игрец на лютне из него всё же был никакой. ;Gustav's voice got deeper and more captivating, but he still couldn't hit a single note on his lute.
tavern.sleep;;Хозяин таверны благодарит вас за помощь. Даже похрапывая на крыльце таверны, бард Густаф умудрялся фальшивить.;Tavern owner thanks you for help. Gustav slept on the porch the whole night, snoring out of tune.
tavern.wake;;Всю ночь рвался Густаф в таверну. Когда его не пустили, он устроил концерт на главной площади. Горожане заплатили трактирщику, и тот пустил Густафа обратно. ;Gustav tried to enter the tavern but was kicked out. After his impromptu concert on the town square people paid the tavern owner to let him in.
old_knight_event.2;Экий славный рыцарь жил;Свершилось чудо! Старый рыцарь победил на большом турнире, покрыв себя неувядающей славой. Вместе с молодой женой поселился в одном из речных замков и поговаривает о продолжении рода! Воистину, старый конь…;A miracle! An old knight won the grand tourney and covered himself in glory. Newly-weds - why, yes, there's a young wife as well, - settled down in one of the river castles and even think of having children. The older the fiddle...
BanditDied;;Вы взяли на себя грех, не спася человека от смерти, но в окрестностях деревни стало безопаснее.;You refused to help a wounded man, dooming him to die. A heavy sin, but the village is a little safer now.
TaxCollectorAwesome;;Присланный в деревню сборщик налогов пользуется большим успехом у местных девушек. Те встают в очередь, чтобы отдать свой гражданский долг.;The tax collector is very popular among local girls. They've actually formed a queue to pay their civic duty.
TaxCollectorFoundDead;;Присланный в деревню сборщик налогов найден мертвым в своей комнате. Ничем хорошим для селян это не закончится.;The tax collector was found dead in his room. This doesn't bode well for the villagers.
TaxCollectorFunnyVoice;;В деревню прибыл сборщик налогов с таким смешным голосом, что люди приходили толпами над ним посмеяться. Кто-то даже дал ему монетку.;The tax collector arrived. His funny voice gathered crowds of fascinated onlookers. Some even threw coins at him.
BlacksmithKilledByMan;;Один из крестьян пристукнул кузнеца. Он говорил, что «силушки не рассчитал», но крестьяне уже скрутили его и передали на суд. Шутка ли — единственного мастера убил!;One of the peasants killed the blacksmith in a tavern brawl. He swore he didn't want to and didn't know his own strength, but the others tied him up and delivered to the authorities.
DrunkDied;;В местной таверне одному завсегдатаю стало плохо. Его не успели откачать, но он слыл нехорошим человеком — грустят по нему немногие.;A drunkard died in the tavern the other evening. Halfhearted attempts to save him were futile. Considering his reputation, he won't be missed by many.
VillagerBlacksmithRejuvenation;;Один местный парниша закатил истерику, когда ему не продали пиво в местной таверне. Он пытался выдать себя за одного из постояльцев, но кузнец легко выбросил его в придорожную грязь.;Some lad made a scene after he was refused service in the local tavern. He tried to impersonate a patron but the blacksmith threw him out.
VillagerBlacksmithPerception;;Ночью в одной из таверн привычно завязалась драка. Необычно в ней то, что один крестьянин, раньше никогда не отличавшийся верткостью или силой, легко остался стоять на ногах. Очевидцы говорят, что он просто тыкал людям в разные места пальцем, как будто бы зная, где у них слабые места.;Another night, another tavern brawl. Business as usual. Unusually, the last man standing was the one who never showed much fighting prowess before. People say he just poked opponents with his finger and they fell on the spot.
VillagerBlacksmithMemory;;Удивительное дело, один из закадычных неприятелей местного кузнеца внезапно решил позабыть все обиды и помирился с ним. Людям кажется, что он позабыл что-то еще, но, по крайней мере, проблем в деревне точно будет меньше.;Surprisingly, a man who held a grudge against the blacksmith for the longest time forgot his grievances and made peace with him. People feel like he forgot more than that but generally agree that there'll be less trouble in the village now.
moonshine-stealing-fairies-bold;;Все больше крестьян стало замечать, что у них кто-то таскает припасы. Мужик в трактире рассказал, что просил у вас помощи супротив вороватых чертей, но все стало только хуже.;More and more peasants notice that someone steals their supplies. A man told his drinking buddies that he asked for your help against the thieving devils but things only got worse.
moonshine-stealing-fairies-caught;;Ночью крестьянин принес вам бочонок браги и рассказал, как удачно поймал упившихся чертей в сачок и заключил с ними договор. Он ставит им кружку браги, а они ходят пакостить в другое место. На этих словах мужик заговорщицки подмигнул.;This evening a man brought you a barrel of beer and told how he caught drunken devils with a net and made a deal with them. For a share of beer they leave him alone and go stealing someplace else. The last words were said with a knowing wink.
LoveStoryVillagerLove;;Блудливый муж крестьянки вернулся домой. Совсем недавно он сбежал к соседке, а теперь стыдливо возвращается обратно и клянется Богом, что «не знает, что на него нашло, с этой страхолюдиной в одном доме находиться не может».;A prodigal husband returned home. Just a short time ago he left his wife for his neighbor and now he's back with his tail between his legs. Says he doesn't know what came over him and he can't in his right mind stay in the same home with 'that ugly monster.'
mushroom-story-event.1;Постоялый двор закрывается;Дурные вести расползаются по округе. Умер держатель постоялого двора и все его гости. Молва рассказывает о страшном мертвеце, что выбрался из могилы и напал на них, сея ядовитые споры. Утром солнце его спалило, но погибших, увы, не вернуть.;Bad news today. The innkeeper died along with every guest in his inn. People are whispering about terrifying undead monster that climbed out of the grave and attacked, spreading death and pestilence. Rising sun burned him down, but his victims will sadly rise no more.
stolen_rooster_event.5;Красный петух;Ночью на дальних фермах случился пожар. Говорят, одна хозяйка другую в воровстве уличила. Забрала своего петуха золотого, а взамен «красного» оставила. Местный лорд осудил поджигательницу и обложил двойным налогом.;A fire on one of the remote farms this night. They say that a woman caught her neighbor trying to steal a golden rooster. Well, she took the golden one and paid the thief back, in fiery red. The local lord imposed the double tax on the arsonist as punishment.
stolen_rooster_event.4;Memento mori;Утром до вас дошли слухи, что хозяйку богатой фермы нашли околевшей в поле. Все ее хозяйство перешло ушлой соседке. Везет же кому-то!;A rich farm-owner was found dead in the field. Her farm went to her crafty neighbor. Some people are lucky like that.
GhostAtTheMill;;Поговаривают, что на мельнице завелось привидение. Церковь пришлет кого-то проверить этот слух.;Rumor has it that the mill is haunted. The church will surely send someone to investigate.
old_knight_event.3;Шляпа и шлем;Старый рыцарь, проигравший в финальной сшибке, во всеуслышание заявил, что его околдовала ведьма. Его подняли на смех, поэтому он преклонил колено перед старшим инквизитором, поклявшись искоренить чернокнижие в королевских землях.;An old knight lost the final joust of the tourney. He publicly declared a witch put a spell on him. He was ridiculed yet unmoved in his conviction, so he bent the knee to the grand inquisitor and swore an oath to eradicate the sorcerous corruption in king's realm.
SoldierSleepForgot;;Отряд солдат, присланный на борьбу с местными разбойниками, просидел весь день в трактире, будучи не в состоянии выполнять приказ. Братва вам благодарна.;Soldiers, sent here to hunt bandits, spent the whole time in local tavern instead. Homeboys are thankful.
SoldierDied;;В местном лесу перебили всех солдат, отправленных на поиски бандитов. Последние становятся все сильнее, и вы надеетесь, что они запомнят вашу помощь.;Soldiers went into the woods and not a single one came back, all slain by the bandits they were sent to hunt. You can only hope the latter will remember your kindness.
TaxCollectorWasRobbed;;Налоги не доехали до лорда — сборщик был найден мертвым на дороге. Лорд обещает найти и покарать всех, кто в этом виноват. Вместе с тем, ваш кошель стал тяжелее.;Peasant's money never reached the lord – the tax collector has been found dead on the road. The furious lord promises to find and punish the guilty. Meanwhile your pouch got a little bit heavier.
Painter_2_Perception;;В городе проходит новая выставка работ Гоффридуса. Он на пике популярности, но некоторые  жалуются на дискомфорт. Им кажется, что некоторые картины постоянно смотрят на них, где бы они ни были.;An art exhibition in the city: Goddfridus' new works. He's at the peak of popularity but some people complain they feel unease. They paintings - they say, - are watching <i>them</i>.
Painter_2_Beauty;;Работы Гоффридуса ценятся все больше. Один из лордов выкупил себе картину, чтобы жениться на ней, а другой — скончался от истощения, когда не смог оторваться от неё даже ради еды.;Goddfridus' paintings are growing in popularity and price. A scandalous lord even married one, another man died of exhaustion because he couldn't tear himself away.
Painter_2_Memory;;Возможно, это новый вид творчества, но новые работы Гоффридуса сильно напоминают какую-то мазню. Среди знати находятся некоторые люди, которые ищут глубинные смыслы и темы, но большая часть простого люда не оценила смену стиля. Сам художник не может никак это описать, отвечая лишь «агу?»;Maybe it's a new art style, but Goddfridus' recent paintings look more like a daub. Some noblemen see deep meaning and provoking themes in them but common people are not amused. The artist himself comments 'Goo goo ga ga!'
Painter_2_Chameleon;;Гоффридус снял огромный зал и проводит выставку своих новых работ. Но посетители не могут найти ни одной картины, как бы художник ни пытался их убедить в том, что они висят рядом. Особо разозленные посетители угрожают «побить этого выдумщика, авось видеть нормально станет».;Goddfridus rented a spacious hall for his new exhibition. Despite his efforts to convince everyone the paintings are right there, people simply can't find them. Several frustrated art connoisseurs even threatened the artist with violence.
Bird_Keeper_2_Unlove;;Кошмар во дворце! Королевского сокольничего заклевали его же подопечные. Часть птиц пришлось убить — они нападали и на других людей, чуть не разорвав новорожденного сына короля.;Panic in the palace! The royal falconer was attacked and killed by the birds in his care. Several beast had to be put down - they threatened other people, even coming close to mangling king's newborn son.
Bird_Keeper_2_Strength;;Люди в ужасе — расходятся слухи, что королевский сокол притащил с охоты целого лося без каких-то видимых усилий. Некоторые опасаются, что они могут скоро перейти на людей. ;People are afraid. There's a rumor that a royal falcon caught a whole moose without any effort. What if the birds start hunting people next?
Bird_Keeper_2_Perception;;Утром вам прислали благодарность из дворца: «Большущее вам спасибо за чудесный отвар! Теперь мои птички с небес даже таракана видят. Я всем расскажу, какая вы замечательная!» ;A thank-you letter from the palace in the mail this morning: 'Thank you for that amazing remedy! My birds can see a flea on a hound's tail from the sky. Everyone'll know how good you are.'
Bird_Keeper_2_Clumsiness;;Королевского сокольничего выгнали взашей. Говорят, что его птицы разучились даже летать и опозорили короля, когда тот устроил охоту для гостей из далеких земель. ;The royal falconer was banished and exiled. Birds in his care forgot how to fly and embarassed the king when his majesty went hunting with foreign officials.
Doctor_2_Wake;;Кажется, местный врач решил работать, пока не вылечит весь город — целый день проводит с больными без усталости и отдыха.;It seems the good doctor isn't going to rest while there's at least one sick person left in the city - he's accepting patients day and night without break.
Doctor_2_Healing;;Кажется, местному лекарю удалось совершить прорыв в медицине. По крайней мере, по его восторженным крикам, он сможет лечить людей быстрее и лучше. И все благодаря «этой чудесной (и немного жуткой) ведьмочке из пригорода!»;The doctor was heard bragging about a medical breakthrough he'd made - something about faster and better cures for the sick. He didn't forgot to mention 'that wonderful (but scary) witch from the outskirts.'
Doctor_2_Poison_Curse;;Местный лекарь был найден мертвым в своей лаборатории. Судя по всему, он проводил какие-то эксперименты на себе и доэксперементировался. Шепотки разносят, что на его столе нашли склянку с вашим зельем. ;The doctor was found dead in his laboratory. A sad result of self-experimentation. Someone noticed a vial with one of your potions on his table though.
Cultist_2;;Кажется, ночью на озере опять что-то происходило. Даже до вас ночной ветер донес странные песни и вой. Утром рыбаки обнаружили вокруг него горы мертвой рыбы и водорослей. ;Something's brewing at the lake yet again. The wind brings strange wailing songs that wake you in the middle of the night. In the morning the fishermen find piles of dead fish and kelp on the shore.
stolen_rooster_event.3;Благодарность;Ночью кто-то оставил на пороге вашей хижины кувшин молока, горшочек с маслом и корзинку яиц. Среди них лежит золотое петушиное перо – на удачу, наверное. Она вам теперь понадобится.;Someone's left a jar of milk, a pot of butter and a basket of eggs on your porch last night. And a single golden feather. Maybe it'll bring you luck - you surely need some.
FisherKissedTheFrog;;Дети, играя на речке, увидели, как один рыбак целовал лягушку, и быстро разнесли эту новость по деревне. Рыбак пытался всё отрицать, но его репутация уже была подмочена.;Kids playing on the river bank saw a fisherman kissing a frog and told everybody. He tried to deny it but his story doesn't hold much water.
FoolGrateful;;Дурачок благодарен вам за помощь с его проказами. Он разносит по всей округе вести, о том, какая вы хорошая и понимающая.;The fool is thankful for your help with his pranks. He tells everyone how kind and understanding you are
ManDiedHeartAttack;;Умер мужик, который в последнее время бегал между двумя бабами. Говорят, сердце не выдержало любовных страстей. Ещё поговаривают, что обе они частенько заглядывали к вам.;Another death in the village. They say the deceased kept swinging between two women and his heart gave out eventually from all that love. Both of the women were also seen frequenting you.
you win;;Можете считать, что вы прошли основную линию про отношения ведьмы с котом. Сказке конец, а кто решил, тот молодец.;Great! You got a story ending!
mary.42;;Девушка сдержала слово и принесла вам много разных лесных трав. Все впрок.;The young girl was true to her word and brought you lots of herbs from the forest. Saves you some work at least.
mary.41;;Девушка сдержала слово и принесла вам лесных трав.;The young girl was true to her word and brought you some herbs from the forest.
mary.43;;Девушка, что обещала принести вам трав, наткнулась в лесу на стаю волков. Она спаслась лишь благодаря вашему зелью. Не правда ли, чудное совпадение?;The young girl who promised to deliver you some herbs was attacked by wolves. Your potion probably saved her life. What a coincidence!
Painter_3_Curse;;Новый шедевр Гоффридуса выставили на главной площади города. Огромное полотно торжественно раскрыл зрителям сам король. Очень ненадолго, ибо богохульная мазня была настолько отвратительна, что на площади началась паника. Люди кричали от страха, убегали в ужасе и закидывали её всем, чем пришлось, лишь бы не видеть тех сводящих с ума отвратительных существ, что как будто бы собирались сойти с картины в наш мир. Картину объявили ересью, а художника — культистом, что пытался уничтожить город. Ему удалось смыться, прежде чем его догнала разъяренная толпа. Но он успел пустить слушок, что у него была помощница в остроконечной шляпе.;Goddfridus' new masterpiece was shown on the city square. The king himself revealed the giant canvas. The festive atmosphere was quickly shattered by the panic caused by the sight of the blasphemous painting. People were screaming and running away in fear while the brave few were throwing their belongings on the canvas, all just so they could avoid seeing the bizzare creatures who were seemingly about to enter our world through the picture. Heretical painting was destroyed, but the artist who tried to destroy the city escaped mob justice - yet not before letting slip that he had an accomplice in a pointed hat.
Painter_3_Love;;Новый шедевр Гоффридуса выставили на главной площади города. Огромное полотно торжественно раскрыл зрителям сам король. После короткой паузы началась сущая неразбериха - каждый пытался добраться до картины, чтобы забрать себе хотя бы кусочек. Страже удалось отогнать толпу, но картина безвозвратно повреждена. Но благодаря этому, имя Гоффридуса теперь точно сохраниться в веках и памяти людей.;Goddfridus' new masterpiece was shown on the city square. The king himself revealed the giant canvas. The chaos erupted soon after, with everyone trying to grab a piece of painting for himself. The city guard pacified the crowd, but the painting was damaged beyond repair. Yet the artist will surely be remembered for years to come.
Painter_3_Sleep;;Новый шедевр Гоффридуса выставили на главной площади города. Огромное полотно торжественно раскрыл зрителям сам король. После короткой паузы над площадью раздался оглушительный храп — все, кто глядел на картину, моментально засыпали. Очнулись люди только вечером — дневной дождь сильно размыл краски и испортил шедевр. Люди отправились домой отдохнувшие, но недовольные и с пустыми карманами. В отличие от зрителей, воры не зевали и смотрели лишь на свою добычу. Художник явно остался недоволен тем, как публика восприняла его работу, в которую он вложил так много души!;Goddfridus' new masterpiece was shown on the city square. The king himself revealed the giant canvas. Soon after the only thing heard about the square was loud snoring - anyone who looked directly at the painting fell asleep on the spot. They woke up in the evening, well-rested and with empty pockets - the thieves kept their eyes on the target, not some silly painting. The artist was absolutely livid at the reception and the painting itself was ruined by the rain.
Painter_3_Beauty;;Новый шедевр Гоффридуса выставили на главной площади города. Огромное полотно торжественно раскрыл зрителям сам король. Сначала раздался один всхлип, затем другой. Через секунду рыдала вся площадь. Ни один из людей не видел такой искренней и чистой красоты в своей жизни. Даже часть местных карманников рыдала на плече у своих жертв (так и не достав рук из чужих карманов). Гоффридус был на седьмом небе от счастья, что его работу приняли так хорошо. Конечно, зелье внесло свой вклад, но искреннее искусство — это тоже своего рода магия.;Goddfridus' new masterpiece was shown on the city square. The king himself revealed the giant canvas. A sob here, a wet choke there, and moments later the everyone in the square was crying. Never in their lives they saw such genuine and pure beauty. Even the thieves wept on their targets' shoulders, their hands halfway inside pockets and pouches. Goddfridus was over the moon with joy. The potion did its part, but true art is a magic of its own.
Doctor_3_Strength;;Местный лекарь объявил, что теперь сможет помогать всем, кого «покинула или никогда не посещала сила». Говорят, что даже Элиас, лежавший на печи 30 лет, сумел встать с нее (мимоходом подвинув её так, что стены в доме разошлись).;The doctor promised to help anyone who lost his strength or never had any in the first place. Even old Elias who was bedridden for the last 30 years sprang up and ran outside. Right through the wall.
Doctor_3_Beauty;;Очереди к местному врачевателю становятся все больше. Что странно, почти все посетительницы — девушки, которые подолгу сидят у него в кабинете. Но единственная, кто жалуется — его жена.;More and more people come to visit the doctor. Strangely, most of them are young women who stay in his cabinet a tad too long. No one's complaining, apart from his wife though.
Doctor_3_Memory;;В городе беда — лучший лекарь разучился лечить людей. Вместо отваров дает камни, вместо припарок пускает кровь, а вместо операций заставляет есть лягушек!;The doctor forgot his craft and now behaves erratically to say the least. Makes his patients swallow stones instead of medicine, calls a couple of frogs his 'lab assistants'(whatever that means) and most agree that at least some cases could be cured without bloodletting.
Cultist_3;;Ночью разразилась страшная гроза. Деревья гнуло, дождь барабанил по крышам, а по улицам текли реки воды. Несмотря на это, утром обнаружилось, что озеро около города полностью пересохло, а часть самых разных людей из города пропала. Вы же обнаружили у своей двери странный идол с самыми наилучшими пожеланиями.;A storm of the century came last night. Trees were broken, roofs were blown away and the streets were like rivers. Yet in the morning the lake was dry and too many people went missing. And on your porch stood a strange idol with a thank-you note, written in blood.
Doctor_4_Rejuvenation;;Недавно умерший крестьянин вернулся домой к большому удивлению и шоку всей его семьи. Правда, вернулся он не с благими намерениями. Когда соседи услышали шум из его дома, то нашли обезумевшего человека, который растерзал всю свою семью и пытался добраться до других людей. Его пришлось упокоить второй раз.;A man came back from the dead, to his family shocked surprise. Yet come back wrong he did, for the horrified neighbors, who came running when they'd heard the screams, met a madman covered in blood of his loved ones. At least they were able to grant him a second death.
Doctor_4_Fail;;Местный лекарь все чаще стал в задумчивости бродить по городу. Люди слышали, как он бурчал себе под нос о том, что «все должно быть правильно, в чем же я ошибся?». Вы знаете, в чем. Но некоторые знания просто нельзя давать в руки людям.;People noticed a change in doctor's behaviour. They often hear him mutter 'I did everything right, where was I mistaken?'. You know where. But some knowledge is best kept sealed.
WidowOfBlacksmith;;К вдове кузнеца внезапно посватался его старый приятель. Среди селян поднялся слушок, что смерть была не случайной.;Late blacksmith's friend proposed to the widow. Despite his seemingly noble intentions, rumor has it that the death wasn't an accident after all.
bastard-2-failure;Позор семьи;Говорят, король отослал брата подальше от двора. Слишком много вилось мрачных слухов вокруг бастарда, слишком большие разногласия из-за него возникли между правителем и епископом. В народе считают, что король так это дело не оставит, и будет искать повод отомстить епископу и прочим духовникам.;The king was forced to send his brother away from court. Too many dark rumors were connected to him, with too many arguments arising between the ruler and the bishop. People are saying that the king is not going to let it slide and is looking for an opportunity to exact a revenge upon the bishop and his clergy.
bastard-2-story;Бастард;От трона падает длинная тень, и в ней скрывается незаконнорожденный брат короля. Бастард, отмеченный божьим проклятием. И правая рука короля. Много темных и светлых дел ему приписывают, но слухи сходятся в одном – это самый опасный и умнейший человек при дворе. Правда, даже такие, как он, могут угодить в беду. Например, епископ считает его присутствие подле трона греховным, и обвиняет в бедах, что обрушились на королевство.;A long shadow falls from the throne, hiding the king's bastard brother marked with Leprosy, a curse of God. The king's right hand, he is rumored for many deeds, good and bad alike, but one is known for sure – he is the most clever and dangerous man at the royal court. The bishop himself regards his presence as a sin and a source for all misfortunes that fall upon the kingdom.
bastard-2-success;Гордость семьи;Большая весть пришла из столицы. Говорят, король созвал вассалов и духовников во главе с епископом. У всех на глазах монарх вручил брату древнюю чашу, сотворенную святыми пилигримами. Ни новые болезни, ни безумие, ни небесный гром не поразили бастарда, когда он испил из нее святой воды. Древнего ритуала было достаточно, чтобы убедить всех сплетников и недоброжелателей – брат монарха чистокровный представитель правящей династии! Так королевский род вернул важную реликвию, а у вас, кажется, появились влиятельные друзья.;Big news from the capital. They say the king has called upon his vassals and the bishop's clergy, and before their eyes revealed an ancient chalice, created by the Holy Pilgrims. The king's brother has took a sip from it, and no signs of holy wrath befell him. This time-honored ritual was convincing enough for the bastard's adversaries to grudgingly acknowledge the king's brother as a true royal heir. The royal family have got back an important artifact, and you have acquired some powerful friends.
bastard-11-wrong;Сам себе враг;Город заполонили слухи о ведьме, что живет на краю леса. Шепчутся о ней в тавернах, на постоялых дворах и рынках, даже во дворце. Молва эта разозлит инквизиторов куда быстрее, чем вы рассчитывали. Может, иногда стоит прислушиваться к предупреждениям? От трона падает длинная тень…;The country is overflowing with gossips about a witch living on the outskirts of a small town. Whispers arise in the taverns, in the villages, in the city quarters. Those words reach the inquisition faster than you blink. Sometimes it's better to heed the warnings you get. The throne's shadow is very long.
bastard-12-forget;Забытие бастарда;Говорят, болезнь лишила брата короля разума. Епископ советовал сделать того придворным шутом, либо отправить в монастырь, но правитель рассвирепел и прогнал духовника. Бастард остался при дворе, а отношения между монархом и епископом окончательно испортились.;They say the king's brother has lost his mind to the disease. The bishop advised to make him a royal fool or send him away to an abbey, and the king had send the cleric off with a flea in his ear. In the end, the bastard is still in the palace, and the relationships between the king and the bishop are spoiled entirely.
chalice-11;Узурпатор;В одном из влиятельнейших родов сменилась власть. Молодой барон избавился от фамильной чаши, что сотни лет выбирала наследников, и объявил себя главой семьи. Увы, поддержки у него нет, и правление вряд ли продлится долго.;One of the most influential dynasties had a shift in power. The young baron made away with the family chalice that was used to legitimate successors, and proclaimed himself as the heir. Alas, his support is weak and his rule is going to be rather short.
chalice-12;Железная дева;Воистину, удержать фамильную чашу под силу лишь железной руке! Молодая баронесса жестоко расправилась со сторонниками кузена, но родича пощадила, ибо одурачил его коварный советник! Казнь предателя назначена на вторник. Зрителям при себе иметь гнилую капусту и навоз твердой консистенции.;Indeed, the ancient chalice should be held by a hand of iron! The young baroness unleashed a cruel reprisal against her cousin's supporters. She only took mercy on her relative, for he was just a tool in the hands of the advisor, whose execution is announced to be on Tuesday. You are encouraged to bring rotten cabbages and dried-up manure.
chalice-13;Скверные нравы;Слушайте, стар и млад! Баронесса, едва начался пир, призналась кузену из младшей родовой ветви в любви. Обвенчал их коварно опоенный аббат и брак консумировали той же ночью. P.S. Греховный союз оплачен щедрыми взносами духовенству, да пошлет Господь молодоженам долгие лета! Донесший на сих святых людей советник был изгнан из баронских земель.;Wonderful story! The baroness had confessed her love to her cousin. The marriage service was performed by a conveniently drunk prior that very night. The union was consummated by the generous contribution to the church, may God bless the newly wedded with much happiness and fertility. The advisor who snitched on the couple had been banished from the land.
chalice-14;Регент;Наследники старого баронского рода скончались в жутких муках. Советник, верой и правдой служивший семье, назвал причиной их смерти проклятие фамильной чаши. Злобную посудину расплавили, а советник назначил себя регентом.;The young generation of the old dynasty both had met a violent demise. The advisor, who served their family faithfully, blamed their death on the family chalice. The malicious bowl was melted down, with the advisor taking place as the dynasty regent.
M-nun-1;;Капитана гвардии обвинили в неуемном распутстве. Под давлением духовенства и возмущенного народа королю пришлось снять капитана с должности и отослать на дальние границы.;The captain of the guard was caught up in the incessant harlotry. Under the pressure of the clergy the king was forced to dismiss the captain from his office and send him away to the frontier.
M-pilgrims-1;;Паломники из культа Святых Пилигримов прибыли в королевские земли, чтобы разыскать одну из утерянных правителями святынь. Шуму от них много, люди короля недовольны их поведением и речами, но открыто против не выступают. Слишком уж быстро те исцелились после крепкой трепки на лесной дороге.;The Holy Pilgrims had come to the kingdom in search of their long lost relic, apparently in the form of chalice. They bring havoc and speak lowly of the king, people are offended by their words and deeds, but don't dare to talk back. Pilgrims have recovered too soon after a beating on the forest track.
M-rat-1;;Королевские егеря нагрянули в логово разбойничьей шайки. Немногих выживших повесят в среду утром. Руководил изловом, как говорят, лично брат короля. Достойный человек, хоть и незаконнорожденный!;The king's footmen have found yet another bandit lair. Those thugs who are still alive are going to hang on Wednesday morning. They say, the hunt was organized by the king's brother himself. A noble man he is, albeit being a bastard.
M-wildlings-1;;Братья и сестры! Его Преосвященству стало известно, что язычники, скрывающиеся в чащобах от света божьего, заключили нечистый союз с разбойниками, кои заполонили наши леса. Видимо, король больше думает об усладах и своей власти, чем о безопасности простого народа!;Brothers and sisters of the church! His Holiness was informed about the alliance between the bandits, who thrive in our land, and the pagans, hiding in the forest gloom from the God's light. Take heed! The King, apparently, is more driven by the pleasures of his reign than by the safety of his people!
temptation-death;Смерть Излечит;В воскресное утро отпевали сестру епископа. Говорят, была она так страшна и измучена, что лицо ее покрыли саваном. Много ходит слухов о том, какие силы забрали девушку, но с уверенностью можно сказать одно - Его Преосвященство призывал проклятия на головы грешников и клялся отомстить. Кому? Скоро узнаем.;A funeral service for the bishop’s sister on Sunday. Her face, shrouded – but they say it is terribly twisted in a grimace of fear and pain. A lot of speculation concerning her mysterious illness and eventual fate, but one thing is certain – His Holiness condemned the sinners and swore revenge. Now, who will suffer his wrath? Time will tell.
temptation-letter;Молитвы не помогут;Утром вы нашли под дверью письмо, от которого пахнет лекарством и травами. «Сестра епископа по-прежнему не в себе. Его Преосвященство твердит, что королевство погрязло во грехе, и даже его руки теперь замараны. В происходящем винит короля и его нечестивого братца-бастарда, обещает избавить народ от их тлетворного влияния. Будьте осторожны, коллега! Ваш Л.»;A letter at your door this morning — smells strongly of herbs and medicine. ‘The bishop’s sister is still ill. His Holiness claims the kingdom is steeped in sin and condemns the king and his bastard brother, urging people to get rid of their corrupting influence. Be careful, dear colleague. Your D.’
temptation-success;Жертва;Всех горожан и селян мучают кошмары. В темных углах слышен шепот, нечто скребется в подполах, на кладбищах слышен тихий вой по ночам. Что тому виной? Пусть разбираются церковники. Зато вы теперь знаете, что сестра епископа жива-здорова. Его Преосвященство отказался от привычной пищи и вина. Пьет воду, ест черствый хлеб и молится с утра до ночи, чтобы искупить свои грехи.;Everyone in the city and nearby villages is plagued by nightmares. Shadows gather in every corner, uncertain whispers and strange scratching sounds are on the edge of hearing. Muffled howls from the cemeteries make blood run cold. Maybe the inquisition can get to the truth behind all this, who knows. At least the bishop’s sister is alive and well. His Holiness now spends day and night praying, sustaining himself only on water and stale bread.
random-4;Sunny weather;Воздух чист и прозрачен. Свежий ветерок несет запахи сена. Прекрасное начало ясного и погожего дня. Что плохого может случиться в такую погоду?;The air is crisp. The breeze brings the smell of fresh hay. A beautiful morning promises an equally pleasant day. Nothing bad can happen when the weather’s this fine. Right?
random-5;Misteries;Столицу посетила церковно-театральная труппа и показала знаменитые мистерии. Зрителям раздавали хлеб и поили вином, благодушно предоставленным епископом и его окружением. Это напомнит погрязшим во грехах простакам, какова цена души и как легко ее изгадить.>>Благочестия в людях прибавится, а вот про вас, видимо, забудут… на время. Пока не приспичит подтравить чужую скотинку или увести из семьи соседскую жену. А душу и потом отмолить можно.;An ecclesiastical troupe visited the capital and performed their reknowned mysteries. The spectators were given bread and wine, kindly provided by the bishop. The performance aimed to remind the sinful crowd the price of their souls. >> Piety will increase in people, and they will forget about you... for a while. Until the urge to poison the neighbour's cattle or lure his wife takes over again. 
random-fair;Ярмарка!;Следующая неделя, волею нашего правителя, объявлена ярмарочной! Со всех концов королевства и соседних земель съедутся торговцы, лицедеи, музыканты и фокусники, чтобы развеять вашу тоску и порадовать диковинными выступлениями. Труппа кукольников, приглашенных лично братом короля, покажет представление «Жадный аббат и славный принц воров!».;By king’s order, the next week is declared a holiday! Merchants, mummers, musicians and magicians will come from every corner of the realm to a glorious fair to dispel your boredom and show their talents. A puppeteering troupe personally invited by the king’s brother will show the play ‘The greedy abbot and the prince of thieves.’
random-rogues-1;Tournament!;Чтобы почтить память старшего брата, трагически погибшего на охоте много лет назад, король объявил о начале крупного турнира. Призом выбран земельный надел при небольшом речном замке. Также заявиться на соревнования могут стрелки, силачи и всадники.;The king has announced a tournament to honor the name of his elder brother who tragically died on a hunt many years ago. A property near the river with a small castle comes as a prize. Tournament can be joined by archers, athletes and horsemen alike.
random-rogues-0;Bandits! Bandits!;Говорят, в здешних землях появились разбойники. Они организованы, неплохо снаряжены и грабят только дворян. Торговцев облагают податями, а простолюдинам и вовсе помогают. Королевские егеря и ловчие заявили, что поймают и перевешают всех мерзавцев!;They say the bandits are raiding the local forests. They are well organized and equipped, ripping off the nobles and helping the commonfolk. The king's soldiers and huntsmen claimed that every one of those bastards is going to hang!
king-reject;Нет короне!;Вы посчитали, что тень, падающая от трона, не настолько густая, чтобы скрыться в ней церкви. И лучше не становиться между молотом и наковальней, у вас иной путь. Впрочем, даже за отказ придется заплатить. Гнусные слухи распустили о вас королевские кроты, и не видать вам больше доверия горожан.;The shadow cast by the throne isn't deep enough to swallow the church. Between a rock and a hard place you choose neither. Your path is your own, as well as the price you pay, even for refusing to choose. King’s moles sowed heinous rumors and people’s trust in you is lost forever.
king-failure;Борьба за власть;King - bad ending;King - bad ending
king-story;Епископ раскрыт;Ночью в ваш дом влетела почтовая птица дворцового сокольничего. «Почтенная ведьма, мне велено передать вам следующее! Епископ оказался куда подлее, чем можно было предположить. Он связался с жутким культом, оскверняющим наши земли. Епископ заплатил оккультистам кровавую цену, чем оскорбил не только всех нас, но самого Господа! Посему скверный предатель не заслуживает ни жалости, ни доверия. Мы положим конец его бесчинствам, с вашей, смею верить, помощью». На сургуче нет оттиска, но несложно догадаться, кто больше всех в королевстве желает устранить епископа от власти.;A bird came to your window last night, apparently sent by the royal falconer. ‘Honorable witch, heed this message! The bishop’s fallen lower than anyone could imagine. He got involved with an abhorrent cult that’d infected the realm. The blood price he’d paid is an affront not just to all of us but to God himself! The traitor doesn’t deserve neither second chance nor mercy. We’ll put an end to his atrocities, presumably with your help.’ The seal is empty, but who in the kingdom benefits the most if the bishop is removed from power?
king-success;Королевская ведьма;King-good ending;King-good ending
king-sleep;Козел отпущения;Королю и его верным людям не удалось дискредитировать епископа. Заговор быстро раскрыли, но крайним, естественно, сделают не монарха. Тайный посыльный и вы были переданы в руки инквизиции, поскольку король заявил, что ведьма затуманила его разум темными чарами. А чего вы ждали, впутываясь в политические игры?;The king and his allies weren’t able to discredit the bishop. The conspiracy was brought to light, but naturally the monarch is above suspicion. Both you and the messenger were made into the scapegoats because the king blamed you in poisoning his mind using dark magic. Inquisition’s welcome will be very warm indeed. Well, what did you expect when you got involved into politics?
WomenLostMemory;;Обе крестьянки забыли о предмете раздора. Мужик занес вам благодарность и отправился искать своего личного счастья в другой деревне.;Two peasant women completely forgot they were even fighting over the same man. The man in question gave you his thanks and some gold and left the village to seek happiness elsewhere.
WomenDied;;В одну ночь скончались две соседки. Самое странное в этом, что вдовец одной из них теперь выглядит счастливее.;Two women, who lived next to each other, died suddenly and on the same night. The widower looks suspiciously happy.
BanditReturn;;Природа настолько очистилась, что местный лес опять наполнился бандитами. Они благодарны вам (в отличие от местных жителей и властей).;Feels like the forest has more bandits than trees these days. They are quite thankful (unlike the villagers and the authorities).
BanditInPrision;;При попытке ограбить сборщика налогов были хвачены несколько бандитов. Их дружкам удалось улизнуть, но пойманных ждет серьезное наказание.;Some bandits were caught trying to rob the tax collector. The punishment will be severe. Several of them managed to get away though.
FamilyReunited;;В деревне праздник - воссоединилась недавно разбежавшаяся семья. Люди в некотором недоумении, но рады за пару. А вас гложет чувство, что история на этом не закончилась.;A cause for celebration: a recently broken family reunited again! People are somewhat confused, but happy for them. You have the feeling you didn't see the end of it yet.
BanditFailToEscape;;На днях были схвачены остатки местной банды при попытке организовать побег своих товарищей. Свидетели говорят, что они ругали вас последними словами и клялись отомстить.;The last of the bandits were caught today while they were trying to bust their buddies out of jail. They were cursing you and promised revenge.
ManDiedFromGhost;;Произошла ещё одна странная смерть. Кто-то говорит, что это призрак кузнеца вернулся с того света, чтобы отомстить.;Yet another weird death. Some say, the blacksmith's ghost rose from the dead, seeking revenge.
scarecrow-intro;;Недавно на постоялом дворе некий странствующий рыцарь божился, что видел ночью разгуливающее по полям пугало. Пока воин выбирался из скирды сена и натягивал доспехи, страшилище пропало.;A knight-errant staying at the inn swore he saw a scarecrow roaming the fields at night. When he finally untangled himself from the haystack he was sleeping in, and donned his armor, the monster was long gone.
scarecrow-burnt;;Ночью в поле горел огонь. На пожар сбежались соседи, но обнаружили только пепелище на месте старого пугала и изумленного фермера. Кто-то заметил, что среди золы лежали человеческие кости, и эти тревожные слухи сразу же достигли ушей инквизиторов.>>Впрочем, расследование ничем не завершилось. Теперь разве что ворон прибавится. И у вас осталось чувство, что вы упустили нечто важное.;A local farmer burnt his old scarescrow for no apparent reason. Some people noticed human bones in the ashes and the rumors soon reached the inquisition. Nothing came out of it though. The crows sure do look happy and you can't help but feel you've missed something important.
scarecrow-fail;;Ночью вы слышали, как кто-то бродит вокруг вашего дома, шелестит и стонет. А утром оказалось, что пропал бесследно фермер. Зато на колу в поле появилось новехонькое пугало. Размножаются они, что ли?;You've heard faint rustling and distant moans last night, as if someone was lurking around outside your house. The next morning you learned that a farmer who visited you not long ago went missing. Curiously, a new scarecrow appeared in the field around the same time.
scarecrow-fatal;;Жуткие вещи творятся в полях! Давеча обвинили в чернокнижии фермерское семейство. Инквизиторы отыскали на полях хлеборобов пугало, набитое тряпьем и человеческими костями. Расследование было коротким, его итогом стала жестокая казнь. Пугало сожгли вместе с фермерами, чтобы всяк знал – не допустят сыны божьи дьявольских проделок в королевстве!;The inquisition found a scarecrow stuffed with human bones. A farmer and his wife were accused of witchcraft. The justice was swift, the burning thorough. Let this be a lesson to all devil-worshippers!
scarecrow-forget;;Вы обзавелись полезным в хозяйстве рецептом, а фермер и думать забыл про беспокойное пугало. Жена его поведала, что оно чарами создано. Прадед ее любил поле и пожелал после смерти ворон гонять. Пущай пугало себе бродит.;The recipe proved useful and the farmer forgot about the restless scarecrow. His wife confided that it is a product of magic - her great-grandfather apparently wished to guard the field for all eternity. Let the scarecrow roam.
scarecrow-knight-default;;Некий странствующий рыцарь донимает селян. Ходит по дворам и трактирам, спрашивает, не видали ли местные жители бродящих по ночам пугал? Когда ему отвечают отказом – просит не благодарить. На службу в королевскую гвардию его пока не позвали, зато он заслужил титул «сира Дурня».;"A knight-errant keeps bothering the peasants, asking whether they saw any vagrant scarecrows. Taunts and ridicule don't waver his steadfast conviction. People call him ""Sir Buffoon"" and predict he'll make a fine kingsguard one day. "
scarecrow-knight-drunk;;Странствующий рыцарь, заслуживший пока лишь славу пьяницы, ночью изрубил и изломал дюжину пугал в полях. За это люди графа его изрядно поколотили и прогнали со своих земель.;A knight-errant went on a drunken crusade against scarecrows last night, destroying at least a dozen. The count's armsmen finally caught him and avenged the fallen by kicking the knight all the way to next village.
scarecrow-knight-fail;;Странствующий рыцарь куда-то пропал, хотя в полях, если верить слухам, появилось пугало в рваных кожаных латах и дырявом ржавом шлеме. Скучать о бродяге вряд ли кто-то станет, зато ворон поубавилось.;A knight-errant went into fields at night, never to return. Some swear they saw a scarecrow in rusty armor, roaming the fields. He won't be missed, and it seems there are less crows these days, too.
jack-intro;Время мертвых;Заканчивается лето и наступает осень. И, едва опадет последний лист, а землю утром покроет иней, на три дня сотрется граница между миром живых и мертвых. Будут души по земле ходить, в гости к родичам заглядывать. И нечисти прибавится! Так что всем божьим людям наказано молиться от заката до рассвета, а смотрителям кладбищ три ночи подряд освящать могилки, отгоняя зло.;Summer ends and autumn comes. When the last leaf falls the boundaries between the worlds weaken. For three days and three nights the souls of the dead wander the earth and visit their still-living kin. Evil spirits come along as well. All the god-fearing people spend these days in prayer from dusk till dawn. Grave-keepers stand vigil and sanctify the cemeteries to drive away the evil.
jack-fatal;Марионетка;Пути Господни неисповедимы, и жизнь капеллана оборвалась благодаря вашим отварам. Жестоко? Ну, по крайней мере бес так и не смог утащить его душу в ад, а вы взяли на себя еще один грех… Впрочем, тело капеллана никуда не делось. И бес, вселившись в него, натворил таких поганых дел, что местные нескоро их забудут. Редко кому удавалось нанести такой урон церкви за одну ночь!;God works in mysterious ways and the chaplain's life was cut short thanks to your potion. Was that cruelty or mercy? At least his soul was saved, for the small price of yet another sin on your conscience. Now, his body is another matter entirely - it got possessed by the demon who used it to thoroughly defile the church. The locals won't forget this for a long time.
jack-chameleon;Одинокий голос;Капеллану не удалось провести беса. Вместо этого нечистый изменил действие вашего отвара, и духовник вовсе исчез. Лишь его грустный голос теперь можно услышать в лесной чаще, у кладбища или в полях. О чем он говорит? О многом. Но ваше имя упоминает в связке с такими словами, что после них уши святой водой промыть нужно.;The chaplain didn't trick the demon. The fiend tampered with your concoction and the cleric simply vanished. Sometimes his mournful voice can be heard deep in the woods, by the cemetery or in the fields. Frankly, he talks quite a lot, and one ought to use holy water to clean one's ears after hearing the words he uses to talk about you.
jack-fail;На горбу;Ходят слухи, что пропал бывший капеллан, а ныне смотритель кладбища. Впрочем, его видят на лесных дорогах и в прочих мрачных местах. Говорят, что глаз у него нет, язык вырван, а на плечах сидит уродливое рогатое существо и поносит грязными словами местного епископа.;The chaplain-gravekeeper is gone. Rumor has it that sometimes he's seen on forest roads and in other dark places. They say that he has no eyes, his tongue is torn out and an ugly horned monster sits on his shoulder, spitting profanities.
jack-flight;Манна небесная;Как бы ни был хитер бес, а крыльев ему не положено. Поэтому отставной капеллан три вечера кряду покупал у вас зелье полета и освящал кладбище с неба. Остается надеяться, что слухи о летающем духовнике нескоро достигнут ушей епископа или инквизиции, иначе вам и капеллану не поздоровится.;Demons are known for their cunning, yet sometimes they fall for simplest tricks. Thanks to your potions, the chaplain spent the last three nights flying over the cemetery, dispensing holy water and thundering blessings in equal measure. Let's hope the inquisition won't get the wind of this...
jack-beauty;Странные увлечения;Красивым личиком и дамским нарядом обдурить беса не удалось. Рогатый похитил капеллана и привязал того к позорному столбу возле местной церкви. Народ утром потешался, глядя на капеллана в нелепом облачении. После этого бедолагу по велению епископа высекли и отправили усмирять плоть в далекое аббатство на задворках королевства. Бес, видимо, остался доволен уроном, который нанес репутации местному духовенству.;The demon wasn't fooled by a pretty face and a fancy dress. He overpowered the chaplain and tied him to a pillory in front of the church, much to the amusement of the congregation. On bishop's orders he was flogged and sent to a distant abbey as a penance. The reputation of the local clergy suffered a great deal.
jack-feast-fatal;Покойник за столом;Горемычный капеллан, не без ваших стараний, отдал Богу душу. Нашли его за столом – сытым, довольным и с улыбкой на бледных устах. А беса и след простыл, не иначе, и ему не по нутру пришлись ваши зелья гнусные. Что ж, тем спокойнее будет в окрестностях.;The hapless chaplain drank his last fill, and not without your efforts. He was found sitting at the table – full, content, faint smile on his pale lips. The demon's gone without a trace – guess your vile concoctions didn't agree with him either. Well, at least the neighborhood is more peaceful now.
jack-feast-alcohol;Железная печень;Капеллан легко перепил беса, а когда дело дошло до ваших хмельных вкусностей, рогатый и вовсе поплыл. Согласился для веселья превратиться в медяк, а божий человек только того и ждал. Взял монетку, отнес в местных храм и сунул под алтарь. Нескоро враг людской оттуда выберется!;The chaplain easily outdrank the demon and when it came to your intoxicating desserts, the horned one got completely smashed. Somehow he accepted the idea to turn into a copper coin, and the man of God promptly put that coin under the altar stone. It will be some time before the enemy of mankind gets out, if ever.
jack-feast-food;Железный желудок;Капеллан оказался закаленным не только в боях и выпивке, но и среди едоков человеком не последним. А вот беса одолела от ваших разносолов медвежья болезнь. Тужился, краснел подлец, а потом и вовсе лопнул! С какой стороны лопнул – о том слухи умалчивают, но оно и к лучшему.;The battle-hardened chaplain put up no less of a fight when it came to drinking and stuffing his belly. Your delicacies proved too much for the demon though –  he was turning an ever deeper shade of red and finally burst. What end gave first, we may never now, and maybe for the best.
jack-feast-success;В тыкву;Напоив беса, капеллан предложил ему на спор обернуться тыквой. Тот, окосев, решительно принял вызов. И пока нечистый пребывал в овощном виде, божий человек облил его вашим зельем. Забыл бес, как обратно расколдоваться, и застыл навек тыквой. А капеллан сделал из нее фонарь, с которым теперь ходит каждый вечер, освящая могилки и рассказывая, как врага людского трижды одурачил.;When the demon drank enough, the chaplain dared him to turn into a pumpkin. The imp stood up to the challenge. And while he was impersonating a vegetable, the clergyman poured your potion all over him. The demon forgot how to turn back so now he's a pumpkin forever. The chaplain carved it into a lantern, which he now carries while on duty and shows as proof when he tells this story
jack-day1;День первый;Народ сторонится кладбищ в эту осеннюю пору, новостей оттуда не слыхать.;People steer away from graveyards at this time of the year, no news come from that place.
jack-day2;День второй;Со стороны кладбища никаких вестей, лишь слышно карканье ворон в ночи.;The graveyard is silent, only the crows croak in the night, stirring nightmares.
